type,concept,page,section,body,source,gap,see_also
FSD,,behaviour/actions/index.html,,"DeterminationUse fsd:Determination only where the record identifies a written administrative act; receipt, acknowledgement, or referral alone is not a determination.",FSD-Ontology-2026.md,,
FSD,,behaviour/actions/index.html,,Public BodyIdentify the acting institution as fsd:PublicBody only when the source supports that institutional role.,FSD-Ontology-2026.md,,
FSD,,behaviour/closures/index.html,,"Loop Closurefsd:LoopClosure is an analytical classification for a terminal mechanism, not evidence that a particular loop was closed.",FSD-Ontology-2026.md,,
FSD,,behaviour/closures/index.html,,DeterminationA closure record should be tested for the required form of fsd:Determination and for any stated reasons or legal basis.,FSD-Ontology-2026.md,,
FSD,,behaviour/delays/index.html,,"Non-Determinationfsd:NonDetermination requires an identifiable submission, recipient, opportunity or duty to act, elapsed time, and no documented concluding determination.",FSD-Ontology-2026.md,,
FSD,,behaviour/delays/index.html,,Residual Obligationfsd:ResidualObligation describes a proposed continuing obligation; it does not establish that a delay is unlawful.,FSD-Ontology-2026.md,,
FSD,,behaviour/index.html,,Submissionfsd:Submission is used only where the record identifies a formal written communication and its relevant participants.,FSD-Ontology-2026.md,,
FSD,,behaviour/index.html,,"Non-DeterminationClassify a possible fsd:NonDetermination only after checking receipt, competence, expected action, time, and the absence of a recorded conclusion.",FSD-Ontology-2026.md,,
FSD,,behaviour/non-actions/index.html,,Non-Determinationfsd:NonDetermination is not established merely because a decision is absent from one document; distinguish “not present” from “not found in the available record.”,FSD-Ontology-2026.md,,
FSD,,behaviour/non-actions/index.html,,Silence Vetofsd:SilenceVeto is a structural ontology concept and requires evidence beyond silence in an isolated record.,FSD-Ontology-2026.md,,
FSD,,behaviour/referrals/index.html,,Referral Determinationfsd:ReferralDetermination requires a referral with a stated legal basis; a routing email is not automatically one.,FSD-Ontology-2026.md,,
FSD,,behaviour/referrals/index.html,,"Remit Displacementfsd:RemitDisplacement is an interpretation to be tested against repeated transfers of responsibility, not a motive attributed to one referral.",FSD-Ontology-2026.md,,
FSD,,corpus/correspondence/index.html,,"SubmissionA correspondence item may be relevant to fsd:Submission; classification requires attention to sender, recipient, content, and invitation or expectation of response.",FSD-Ontology-2026.md,,
FSD,,corpus/correspondence/index.html,,DeterminationDo not classify an acknowledgement or exchange as fsd:Determination without the required substantive form.,FSD-Ontology-2026.md,,
FSD,,corpus/decisions/index.html,,Determinationfsd:Determination is a controlled classification for a written administrative act responding to a qualifying submission.,FSD-Ontology-2026.md,,
FSD,,corpus/decisions/index.html,,Rejection Determinationfsd:RejectionDetermination requires a rejection with reasons; disagreement with a document does not supply those reasons.,FSD-Ontology-2026.md,,
FSD,,corpus/index.html,,Submission of National Utilityfsd:SubmissionOfNationalUtility is a proposed ontology class whose conditions must be tested against the source record.,FSD-Ontology-2026.md,,
FSD,,corpus/index.html,,Public BodyInstitutional names in the corpus do not alone establish the legal or operational role of fsd:PublicBody.,FSD-Ontology-2026.md,,
FSD,,corpus/institutional-records/index.html,,Public Bodyfsd:PublicBody identifies an ontology role; it does not by itself prove competence in the matter described.,FSD-Ontology-2026.md,,
FSD,,corpus/institutional-records/index.html,,Competent AuthorityUse fsd:CompetentAuthority only where the applicable designation and relevant temporal context are documented.,FSD-Ontology-2026.md,,
FSD,,corpus/statements/index.html,,High-Risk AI SubmissionA statement invoking a high-risk system may be relevant to fsd:HighRiskAISubmission; the label remains a classification to verify.,FSD-Ontology-2026.md,,
FSD,,corpus/statements/index.html,,Dual-Use SubmissionA claim of dual-use characteristics is not itself an established fsd:DualUseSubmission.,FSD-Ontology-2026.md,,
FSD,,posiwid/index.html,,"Nullification Loopfsd:NullificationLoop is a system-level hypothesis requiring recurrence, routing, and unresolved inputs to be established.",FSD-Ontology-2026.md,,
FSD,,posiwid/index.html,,"Structural Conditionfsd:StructuralCondition should describe a demonstrated pattern, not serve as a synonym for institutional failure.",FSD-Ontology-2026.md,,
FSD,,posiwid/purpose-inferred-from-behaviour/index.html,,Normative Collapsefsd:NormativeCollapse is an interpretive class for a demonstrated failure of an applicable norm to produce a determination.,FSD-Ontology-2026.md,,
FSD,,posiwid/purpose-inferred-from-behaviour/index.html,,Ontic Collapsefsd:OnticCollapse requires evidence that no single body holds the relevant competence and no mechanism assembles it.,FSD-Ontology-2026.md,,
FSD,,posiwid/system-observations/index.html,,Loop Conditionfsd:LoopCondition is tested against the ontology's stated conditions; repeated correspondence alone is insufficient.,FSD-Ontology-2026.md,,
FSD,,posiwid/system-observations/index.html,,"Residual ObligationRecord a possible fsd:ResidualObligation only with the source, duty, triggering condition, and responsible authority identified.",FSD-Ontology-2026.md,,
FSD,,semiotics/absences/index.html,,"Administrative Amnesiafsd:AdministrativeAmnesia requires evidence of institutional memory loss or reset, not merely a missing item in one file.",FSD-Ontology-2026.md,,
FSD,,semiotics/absences/index.html,,Designed Forgettingfsd:DesignedForgetting is a high-burden interpretation and must not be inferred from silence alone.,FSD-Ontology-2026.md,,
FSD,,semiotics/index.html,,Structural Displacementfsd:StructuralDisplacement is used to examine how responsibility may be represented as moving between institutional interfaces.,FSD-Ontology-2026.md,,
FSD,,semiotics/index.html,,"Prohibited Practicefsd:ProhibitedPractice is an ontology category, not a conclusion that a source document proves prohibited conduct.",FSD-Ontology-2026.md,,
FSD,,semiotics/metaphors/index.html,,"Nullification LoopThe phrase “loop” may illuminate recurrence, but fsd:NullificationLoop requires a documented sequence rather than metaphor alone.",FSD-Ontology-2026.md,,
FSD,,semiotics/metaphors/index.html,,"Silence VetoThe phrase “silence veto” should be tested against agency, expectation, and consequence before use as fsd:SilenceVeto.",FSD-Ontology-2026.md,,
FSD,,semiotics/narratives/index.html,,Sufficiency Assertionfsd:SufficiencyAssertion identifies a proposed category; classify a passage only where the record shows the relevant assertion.,FSD-Ontology-2026.md,,
FSD,,semiotics/narratives/index.html,,Foreclosure by Proxyfsd:ForeClosureByProxy is an interpretive possibility requiring evidence of a delegated or indirect closure mechanism.,FSD-Ontology-2026.md,,
FSD,,semiotics/oppositions/index.html,,Acceptance Determinationfsd:AcceptanceDetermination is distinguished from acknowledgement or partial engagement.,FSD-Ontology-2026.md,,
FSD,,semiotics/oppositions/index.html,,Non-Determinationfsd:NonDetermination is a conclusion only after the documentary conditions for non-decision have been established.,FSD-Ontology-2026.md,,
FSD,,semiotics/signifiers/index.html,,Testable Submissionfsd:TestableSubmission requires an operational or empirically testable component and an offered means of testing.,FSD-Ontology-2026.md,,
FSD,,semiotics/signifiers/index.html,,Technical Auditfsd:TechnicalAudit is used only when the source identifies the relevant audit function or proposal.,FSD-Ontology-2026.md,,
FSD,,synthesis/index.html,,Loop Conditionfsd:LoopCondition may synthesise repeated refusals or prolonged non-determination only where the stated conditions are evidenced.,FSD-Ontology-2026.md,,
FSD,,synthesis/index.html,,Loop Closurefsd:LoopClosure identifies a proposed terminal mechanism; its existence or operation must be separately documented.,FSD-Ontology-2026.md,,
FSD,fsd:Submission,DETE-letter-Sep-10_clean.md,,"This letter consolidates, for the departmental and evaluation record, what has already been established through prior correspondence, committee submissions, and active Ombudsman proceedings.",FSD-Ontology-2026.md — Submission,,
FSD,fsd:Ombudsman,DETE-letter-Sep-10_clean.md,,"This letter consolidates, for the departmental and evaluation record, what has already been established through prior correspondence, committee submissions, and active Ombudsman proceedings.",FSD-Ontology-2026.md — Ombudsman,,
FSD,fsd:CompetentAuthority,DETE-letter-Sep-10_clean.md,,THE COMPETENT AUTHORITY OBLIGATION,FSD-Ontology-2026.md — Competent Authority,,
FSD,fsd:CompetentAuthority,DETE-letter-Sep-10_clean.md,,"Section 3 of the Control of Exports Act 2023 designates the Minister for Enterprise, Tourism and Employment as Ireland's competent authority for the purposes of Regulation (EU) 2021/821.",FSD-Ontology-2026.md — Competent Authority,,
FSD,fsd:Determination,DETE-letter-Sep-10_clean.md,,"The functional question has six components: whether the designated authority can be identified; whether it possesses the information, expertise, and resources to act; whether it can reliably obtain information held elsewhere in the State; whether an institutional mechanism exists requiring cross-departmental inputs to be assembled where the assessment demands them; whether there is an effective route from assessment to regulatory action; and whether responsibility for the resulting determination is clearly attributable where the function is delegated.",FSD-Ontology-2026.md — Determination,,
FSD,fsd:CompetentAuthority,DETE-letter-Sep-10_clean.md,,"Section 13 empowers the competent authority to determine, in an individual case, that an authorisation is required for a particular non-Annex-I item.",FSD-Ontology-2026.md — Competent Authority,,
FSD,fsd:Submission,DETE-letter-Sep-10_clean.md,,The submission is on the departmental record.,FSD-Ontology-2026.md — Submission,,
FSD,fsd:Determination,DETE-letter-Sep-10_clean.md,,That determination —applied to the submitted corpus— is what twenty years of engagement has not produced.,FSD-Ontology-2026.md — Determination,,
FSD,fsd:CompetentAuthority,DETE-letter-Sep-10_clean.md,,Article 15 and section 29 between them define the considerations a competent authority must weigh.,FSD-Ontology-2026.md — Competent Authority,,
FSD,fsd:Determination,DETE-letter-Sep-10_clean.md,,The current architecture distributes the constituent elements of a decision across three institutions without establishing which body is responsible for producing the determination those elements must yield.,FSD-Ontology-2026.md — Determination,,
FSD,fsd:Determination,DETE-letter-Sep-10_clean.md,,"It did not, on the record available, include any audit, discharge, or determination of the accumulated unresolved record arising during DFA's fifteen years as designated authority.",FSD-Ontology-2026.md — Determination,,
FSD,fsd:Determination,DETE-letter-Sep-10_clean.md,,The DFA produced zero evaluations and zero statutory determinations across that period on a corpus of Operations Research materials submitted from May 2006.,FSD-Ontology-2026.md — Determination,,
FSD,fsd:Submission,DETE-letter-Sep-10_clean.md,,The submission predates Regulation 2021/821 itself.,FSD-Ontology-2026.md — Submission,,
FSD,fsd:Determination,DETE-letter-Sep-10_clean.md,,The non-determination spans three regulatory instruments and twenty years.,FSD-Ontology-2026.md — Determination,,
FSD,fsd:NonDetermination,DETE-letter-Sep-10_clean.md,,The non-determination spans three regulatory instruments and twenty years.,FSD-Ontology-2026.md — Non-Determination,,
FSD,fsd:Determination,DETE-letter-Sep-10_clean.md,,"— DOD-MO-01201-2025: the ministerial determination issued by the Department of Defence on February 4th, 2026, which purported to close this matter.",FSD-Ontology-2026.md — Determination,,
FSD,fsd:Submission,DETE-letter-Sep-10_clean.md,,A determination it issues on the substance of a dual-use submission has no regulatory standing under the Regulation.,FSD-Ontology-2026.md — Submission,,
FSD,fsd:DualUseSubmission,DETE-letter-Sep-10_clean.md,,A determination it issues on the substance of a dual-use submission has no regulatory standing under the Regulation.,FSD-Ontology-2026.md — Dual-Use Submission,,
FSD,fsd:Determination,DETE-letter-Sep-10_clean.md,,A determination it issues on the substance of a dual-use submission has no regulatory standing under the Regulation.,FSD-Ontology-2026.md — Determination,,
FSD,fsd:Determination,DETE-letter-Sep-10_clean.md,,"The determination rested entirely on a conclusion issued on June 1st, 2025, by the Office of Emergency Planning.",FSD-Ontology-2026.md — Determination,,
FSD,fsd:CompetentAuthority,DETE-letter-Sep-10_clean.md,,It has never been designated as a competent authority under any version of the dual-use regime.,FSD-Ontology-2026.md — Competent Authority,,
FSD,fsd:Submission,DETE-letter-Sep-10_clean.md,,"In May 2006 it acknowledged that the petitioner may have information of interest to the State, invited further submission, stalled on a credentials condition, and left the matter without destination or referral.",FSD-Ontology-2026.md — Submission,,
FSD,fsd:Submission,DETE-letter-Sep-10_clean.md,,"When the record was pressed further for a government position on the substantive material, no tangible response was supplied —only the same generic assertions repeated without evidence, supervision, or engagement with the specific submission.",FSD-Ontology-2026.md — Submission,,
FSD,fsd:Ombudsman,DETE-letter-Sep-10_clean.md,,"This matter is currently before the Office of the Ombudsman, ref.",FSD-Ontology-2026.md — Ombudsman,,
FSD,fsd:Submission,DETE-letter-Sep-10_clean.md,,"Article 12 requires the competent authority, when assessing a submission, to take into account the national security interests of the Member State.",FSD-Ontology-2026.md — Submission,,
FSD,fsd:CompetentAuthority,DETE-letter-Sep-10_clean.md,,"Article 12 requires the competent authority, when assessing a submission, to take into account the national security interests of the Member State.",FSD-Ontology-2026.md — Competent Authority,,
FSD,fsd:Determination,DETE-letter-Sep-10_clean.md,,Ireland's zero-determination record will enter that evaluation as a compliance fact.,FSD-Ontology-2026.md — Determination,,
FSD,fsd:Submission,DETE-letter-Sep-10_clean.md,,"Your Department has also opened a public consultation inviting stakeholder input into that evaluation, with a deadline of October 15th, 2026; the corpus that is the subject of this notice is the most directly relevant submission that consultation could receive.",FSD-Ontology-2026.md — Submission,,
FSD,fsd:Ombudsman,DETE-letter-Sep-10_clean.md,,An Ombudsman complaint (OMB-260331-CSD014) is active.,FSD-Ontology-2026.md — Ombudsman,,
FSD,fsd:Determination,DETE-letter-Sep-10_clean.md,,"The State has mishandled a corpus of technically specialised Operations Research material since 2006, while the functions necessary to assess it have remained distributed between departments without an identified mechanism for assembling the requisite expertise, information and security inputs into a competent-authority determination.",FSD-Ontology-2026.md — Determination,,
FSD,fsd:Determination,DETE-letter-Sep-10_clean.md,,"The export-control record presents the inverse problem: DETE, DFA and Defence each hold part of the information or institutional function necessary to assess the corpus, yet the record identifies no equivalent mechanism by which those inputs are assembled into a competent-authority determination.",FSD-Ontology-2026.md — Determination,,
FSD,fsd:CompetentAuthority,DETE-letter-Sep-10_clean.md,,"This letter consolidates, for the evaluation record now open, a non-determination spanning twenty years —from May 2006 under Regulation (EC) No 1334/2000, through Regulation (EC) No 428/2009 from August 2009, to Regulation (EU) 2021/821 from September 2021— confirming that the obligation resides with your Department as the designated competent authority under the Control of Exports Act 2023.",FSD-Ontology-2026.md — Competent Authority,,
FSD,fsd:Determination,DETE-letter-Sep-10_clean.md,,"This letter consolidates, for the evaluation record now open, a non-determination spanning twenty years —from May 2006 under Regulation (EC) No 1334/2000, through Regulation (EC) No 428/2009 from August 2009, to Regulation (EU) 2021/821 from September 2021— confirming that the obligation resides with your Department as the designated competent authority under the Control of Exports Act 2023.",FSD-Ontology-2026.md — Determination,,
FSD,fsd:NonDetermination,DETE-letter-Sep-10_clean.md,,"This letter consolidates, for the evaluation record now open, a non-determination spanning twenty years —from May 2006 under Regulation (EC) No 1334/2000, through Regulation (EC) No 428/2009 from August 2009, to Regulation (EU) 2021/821 from September 2021— confirming that the obligation resides with your Department as the designated competent authority under the Control of Exports Act 2023.",FSD-Ontology-2026.md — Non-Determination,,
FSD,fsd:Determination,DETE-letter-Sep-10_clean.md,,The question is whether the determination comes from the minister or from the court.,FSD-Ontology-2026.md — Determination,,
FSD,fsd:Determination,DETE-letter-Sep-10_clean.md,,(b) confirm whether a statutory determination under Regulation 2021/821 —or a case-specific determination under section 13 of the Control of Exports Act 2023— in respect of the submitted OR corpus has been issued or is in preparation;,FSD-Ontology-2026.md — Determination,,
FSD,fsd:CompetentAuthority,DETE-letter-Sep-10_clean.md,,"(c) identify the mechanism, if any, by which your Department currently assembles the cross-departmental inputs required by Article 12 and section 29 —that is, the licensing function (DETE), the regime membership and international coordination function (DFA), and the security assessment function (the Department of Defence)— in producing an integrated competent authority determination;",FSD-Ontology-2026.md — Competent Authority,,
FSD,fsd:Determination,DETE-letter-Sep-10_clean.md,,"(c) identify the mechanism, if any, by which your Department currently assembles the cross-departmental inputs required by Article 12 and section 29 —that is, the licensing function (DETE), the regime membership and international coordination function (DFA), and the security assessment function (the Department of Defence)— in producing an integrated competent authority determination;",FSD-Ontology-2026.md — Determination,,
FSD,fsd:Determination,DETE-letter-Sep-10_clean.md,,(e) confirm whether the Department's public consultation on the Commission's evaluation of Regulation 2021/821 constitutes an available channel through which the submitted corpus may now receive the statutory determination it has not received across twenty years.,FSD-Ontology-2026.md — Determination,,
FSD,fsd:Submission,EU-Regulatory-Annotation_Duty-to-Determine-Bill_2026.md,,# EU Regulatory Annotation — v2 ## Qualifying Submissions (Duty to Determine) Bill 2026 (v3),FSD-Ontology-2026.md — Submission,,
FSD,fsd:ProhibitedPractice,EU-Regulatory-Annotation_Duty-to-Determine-Bill_2026.md,,| Obligation cluster | Original date | Omnibus-amended date | |---|---|---| | High-risk systems — Annex III (standalone) | 2 August 2026 | **2 December 2027** | | High-risk systems — Annex I (product safety) | 2 August 2027 | **2 August 2028** | | Prohibited practices (Art.,FSD-Ontology-2026.md — Prohibited Practice,,
FSD,fsd:Submission,EU-Regulatory-Annotation_Duty-to-Determine-Bill_2026.md,,"1(4) — no right to a favourable decision, no policy transfer to the Ombudsman, no alteration of existing jurisdictions, no replacement of sufficient procedures, no obligation to adopt submissions, no substantive rights — now appear in the operative text rather than only in the Introduction.",FSD-Ontology-2026.md — Submission,,
FSD,fsd:Ombudsman,EU-Regulatory-Annotation_Duty-to-Determine-Bill_2026.md,,"1(4) — no right to a favourable decision, no policy transfer to the Ombudsman, no alteration of existing jurisdictions, no replacement of sufficient procedures, no obligation to adopt submissions, no substantive rights — now appear in the operative text rather than only in the Introduction.",FSD-Ontology-2026.md — Ombudsman,,
FSD,fsd:Submission,EU-Regulatory-Annotation_Duty-to-Determine-Bill_2026.md,,"2(1) — ""operative submission"" (new in v3)",FSD-Ontology-2026.md — Submission,,
FSD,fsd:Submission,EU-Regulatory-Annotation_Duty-to-Determine-Bill_2026.md,,An operative submission in the sense of s.,FSD-Ontology-2026.md — Submission,,
FSD,fsd:Submission,EU-Regulatory-Annotation_Duty-to-Determine-Bill_2026.md,,"The Bill's distinction between operative and non-operative submissions imports the patent-law distinction between mere conception and reduction to practice (Explanatory Memorandum, ""Operative Submissions"").",FSD-Ontology-2026.md — Submission,,
FSD,fsd:Submission,EU-Regulatory-Annotation_Duty-to-Determine-Bill_2026.md,,"Simon's Logic Theorist was, in the same sense, an operative submission: it ran, it produced verifiable outputs, and those outputs were independently replicable.",FSD-Ontology-2026.md — Submission,,
FSD,fsd:SufficiencyAssertion,EU-Regulatory-Annotation_Duty-to-Determine-Bill_2026.md,,The institutional resistance it met — McCarthy's attempt to present it as an output of Dartmouth rather than independent prior work — is the procedural analogue of the sufficiency assertion.,FSD-Ontology-2026.md — Sufficiency Assertion,,
FSD,fsd:Submission,EU-Regulatory-Annotation_Duty-to-Determine-Bill_2026.md,,The operative submission definition captures this: the component must be producing or capable of producing outputs independently observable and refutable on stated criteria — the same standard Art.,FSD-Ontology-2026.md — Submission,,
FSD,fsd:StructuralDisplacement,EU-Regulatory-Annotation_Duty-to-Determine-Bill_2026.md,,"2(1) — ""structural displacement""",FSD-Ontology-2026.md — Structural Displacement,,
FSD,fsd:StructuralDisplacement,EU-Regulatory-Annotation_Duty-to-Determine-Bill_2026.md,,Structural displacement — each body holding a component — means neither obligation can be discharged by any single body.,FSD-Ontology-2026.md — Structural Displacement,,
FSD,fsd:Submission,EU-Regulatory-Annotation_Duty-to-Determine-Bill_2026.md,,"*""Every lawful administrative process initiated by a qualifying submission shall conclude through a lawful determination.""*",FSD-Ontology-2026.md — Submission,,
FSD,fsd:Determination,EU-Regulatory-Annotation_Duty-to-Determine-Bill_2026.md,,"*""Every lawful administrative process initiated by a qualifying submission shall conclude through a lawful determination.""*",FSD-Ontology-2026.md — Determination,,
FSD,fsd:Determination,EU-Regulatory-Annotation_Duty-to-Determine-Bill_2026.md,,47 CFR** — Effective remedy requires that there be a determination to review.,FSD-Ontology-2026.md — Determination,,
FSD,fsd:Submission,EU-Regulatory-Annotation_Duty-to-Determine-Bill_2026.md,,2C — Operative submissions: general principle (new in v3),FSD-Ontology-2026.md — Submission,,
FSD,fsd:Determination,EU-Regulatory-Annotation_Duty-to-Determine-Bill_2026.md,,2C(3) gives this statutory form: a determination relying on general domain knowledge after declining access to the operative component is not a determination.,FSD-Ontology-2026.md — Determination,,
FSD,fsd:Determination,EU-Regulatory-Annotation_Duty-to-Determine-Bill_2026.md,,2C(5) imports the same logic into the administrative determination context: prior operational use in a comparable domain satisfies the sufficiency threshold; the receiving body must identify specific material differences rather than treating prior operational history as irrelevant.,FSD-Ontology-2026.md — Determination,,
FSD,fsd:Submission,EU-Regulatory-Annotation_Duty-to-Determine-Bill_2026.md,,3(2)(b) — High-risk AI qualifying submissions,FSD-Ontology-2026.md — Submission,,
FSD,fsd:SufficiencyAssertion,EU-Regulatory-Annotation_Duty-to-Determine-Bill_2026.md,,A sufficiency assertion claiming general AI familiarity does not constitute this verification.,FSD-Ontology-2026.md — Sufficiency Assertion,,
FSD,fsd:PublicBody,EU-Regulatory-Annotation_Duty-to-Determine-Bill_2026.md,,"A public body without OR capacity either performs it without the analytical tools it requires, or relies on the developer's documentation — exactly the capture dynamic ss.",FSD-Ontology-2026.md — Public Body,,
FSD,fsd:Submission,EU-Regulatory-Annotation_Duty-to-Determine-Bill_2026.md,,3A — Elevated duty in respect of operative submissions (new in v3),FSD-Ontology-2026.md — Submission,,
FSD,fsd:Determination,EU-Regulatory-Annotation_Duty-to-Determine-Bill_2026.md,,3A(2) — Reduced determination period (6 months):** **Reg.,FSD-Ontology-2026.md — Determination,,
FSD,fsd:Submission,EU-Regulatory-Annotation_Duty-to-Determine-Bill_2026.md,,"The 6-month period for operative submissions reflects the principle that where evidence is present and observable, the time required for assessment is determinable rather than open-ended.",FSD-Ontology-2026.md — Submission,,
FSD,fsd:SufficiencyAssertion,EU-Regulatory-Annotation_Duty-to-Determine-Bill_2026.md,,3A(3) — Categorical unavailability of sufficiency assertion:** **EU AI Act — Art.,FSD-Ontology-2026.md — Sufficiency Assertion,,
FSD,fsd:Determination,EU-Regulatory-Annotation_Duty-to-Determine-Bill_2026.md,,9(8) testing obligation applied to the administrative determination context.,FSD-Ontology-2026.md — Determination,,
FSD,fsd:Submission,EU-Regulatory-Annotation_Duty-to-Determine-Bill_2026.md,,"3A(4) — Loop acceleration (immediate declination):** A sufficiency assertion on an operative submission where access was declined counts immediately toward the loop condition threshold, without the ordinary 5-year accumulation period.",FSD-Ontology-2026.md — Submission,,
FSD,fsd:SufficiencyAssertion,EU-Regulatory-Annotation_Duty-to-Determine-Bill_2026.md,,"3A(4) — Loop acceleration (immediate declination):** A sufficiency assertion on an operative submission where access was declined counts immediately toward the loop condition threshold, without the ordinary 5-year accumulation period.",FSD-Ontology-2026.md — Sufficiency Assertion,,
FSD,fsd:LoopCondition,EU-Regulatory-Annotation_Duty-to-Determine-Bill_2026.md,,"3A(4) — Loop acceleration (immediate declination):** A sufficiency assertion on an operative submission where access was declined counts immediately toward the loop condition threshold, without the ordinary 5-year accumulation period.",FSD-Ontology-2026.md — Loop Condition,,
FSD,fsd:Submission,EU-Regulatory-Annotation_Duty-to-Determine-Bill_2026.md,,"Where the submission is demonstrably operational, the deferral mechanism that the 5-year period otherwise permits would compound the Art.",FSD-Ontology-2026.md — Submission,,
FSD,fsd:Determination,EU-Regulatory-Annotation_Duty-to-Determine-Bill_2026.md,,A determination representing general domain knowledge as equivalent to specific component evaluation contravenes the transparency standard Art.,FSD-Ontology-2026.md — Determination,,
FSD,fsd:Determination,EU-Regulatory-Annotation_Duty-to-Determine-Bill_2026.md,,3A(6) — Requirements for valid rejection after observation:** The determination must engage the submitter's stated refutability criteria.,FSD-Ontology-2026.md — Determination,,
FSD,fsd:Submission,EU-Regulatory-Annotation_Duty-to-Determine-Bill_2026.md,,3A(9) — Loop acceleration for operative submissions:** The 5-year accumulation period does not apply.,FSD-Ontology-2026.md — Submission,,
FSD,fsd:Submission,EU-Regulatory-Annotation_Duty-to-Determine-Bill_2026.md,,47 CFR:** The effective remedy timeline cannot be calibrated to a period designed for non-operational submissions when the submission is demonstrably operational and the evidence is immediately available.,FSD-Ontology-2026.md — Submission,,
FSD,fsd:LoopClosure,EU-Regulatory-Annotation_Duty-to-Determine-Bill_2026.md,,The accelerated loop closure is the remedy proportionate to the immediacy of the evidence.,FSD-Ontology-2026.md — Loop Closure,,
FSD,fsd:SufficiencyAssertion,EU-Regulatory-Annotation_Duty-to-Determine-Bill_2026.md,,5 — Prohibition on sufficiency assertion,FSD-Ontology-2026.md — Sufficiency Assertion,,
FSD,fsd:SufficiencyAssertion,EU-Regulatory-Annotation_Duty-to-Determine-Bill_2026.md,,A sufficiency assertion is the performance of assessment without its exercise.,FSD-Ontology-2026.md — Sufficiency Assertion,,
FSD,fsd:SufficiencyAssertion,EU-Regulatory-Annotation_Duty-to-Determine-Bill_2026.md,,"**Mertonian grounding (Gatekeeping Brief §IV):** The sufficiency assertion violates universalism (evaluation by impersonal criteria applied to the claim itself, not to the category) and organised scepticism (critical scrutiny of the specific claim).",FSD-Ontology-2026.md — Sufficiency Assertion,,
FSD,fsd:TechnicalAudit,EU-Regulatory-Annotation_Duty-to-Determine-Bill_2026.md,,5A–5C — Independent technical audit,FSD-Ontology-2026.md — Independent Technical Audit,,
FSD,fsd:Ombudsman,EU-Regulatory-Annotation_Duty-to-Determine-Bill_2026.md,,"5A–5C build the equivalent mechanism for the domestic administrative determination context, with Ombudsman nomination as the independence safeguard where parties cannot agree (s.",FSD-Ontology-2026.md — Ombudsman,,
FSD,fsd:Determination,EU-Regulatory-Annotation_Duty-to-Determine-Bill_2026.md,,"5A–5C build the equivalent mechanism for the domestic administrative determination context, with Ombudsman nomination as the independence safeguard where parties cannot agree (s.",FSD-Ontology-2026.md — Determination,,
FSD,fsd:Submission,EU-Regulatory-Annotation_Duty-to-Determine-Bill_2026.md,,"5A–5C provide the equivalent function at the domestic level, making Ireland potentially the first Member State to establish a formalised technical assessment pathway for OR corpus submissions engaging both the AI Act and the Dual-Use Regulation simultaneously (as noted in the annotation v1, Technical Annex section — unchanged).",FSD-Ontology-2026.md — Submission,,
FSD,fsd:AdministrativeAmnesia,EU-Regulatory-Annotation_Duty-to-Determine-Bill_2026.md,,6 — Prohibition on administrative amnesia,FSD-Ontology-2026.md — Administrative Amnesia,,
FSD,fsd:AdministrativeAmnesia,EU-Regulatory-Annotation_Duty-to-Determine-Bill_2026.md,,"**Bateson/Deutero-Learning grounding (Gatekeeping Brief §IV, Deutero-Learning):** Administrative amnesia is the institutional expression of deutero-learning failure: the system learns not to learn, producing fresh officers who encounter the record as though for the first time.",FSD-Ontology-2026.md — Administrative Amnesia,,
FSD,fsd:Ombudsman,EU-Regulatory-Annotation_Duty-to-Determine-Bill_2026.md,,41 right into a statutory prohibition backed by the Ombudsman Act 1980 maladministration classification.,FSD-Ontology-2026.md — Ombudsman,,
FSD,fsd:Determination,EU-Regulatory-Annotation_Duty-to-Determine-Bill_2026.md,,8 — Transitional duty of determination,FSD-Ontology-2026.md — Determination,,
FSD,fsd:Submission,EU-Regulatory-Annotation_Duty-to-Determine-Bill_2026.md,,"8's retrospective application to AI Act submissions ensures that where a submission asserting high-risk AI characteristics has been formally lodged, the domestic duty to determine runs from commencement regardless of the EU conformity-assessment timeline.",FSD-Ontology-2026.md — Submission,,
FSD,fsd:Determination,EU-Regulatory-Annotation_Duty-to-Determine-Bill_2026.md,,8A — Non-determination by reliance on unresolved prior conclusions,FSD-Ontology-2026.md — Determination,,
FSD,fsd:NonDetermination,EU-Regulatory-Annotation_Duty-to-Determine-Bill_2026.md,,8A — Non-determination by reliance on unresolved prior conclusions,FSD-Ontology-2026.md — Non-Determination,,
FSD,fsd:Determination,EU-Regulatory-Annotation_Duty-to-Determine-Bill_2026.md,,8B — Non-determination by over-extension of powers,FSD-Ontology-2026.md — Determination,,
FSD,fsd:NonDetermination,EU-Regulatory-Annotation_Duty-to-Determine-Bill_2026.md,,8B — Non-determination by over-extension of powers,FSD-Ontology-2026.md — Non-Determination,,
FSD,fsd:Submission,EU-Regulatory-Annotation_Duty-to-Determine-Bill_2026.md,,"The section-92 problem (Gatekeeping Brief §III, ""The Section 92 Problem""): the use of a correspondence-management power to close a substantive submission without determination.",FSD-Ontology-2026.md — Submission,,
FSD,fsd:Determination,EU-Regulatory-Annotation_Duty-to-Determine-Bill_2026.md,,"The section-92 problem (Gatekeeping Brief §III, ""The Section 92 Problem""): the use of a correspondence-management power to close a substantive submission without determination.",FSD-Ontology-2026.md — Determination,,
FSD,fsd:Submission,EU-Regulatory-Annotation_Duty-to-Determine-Bill_2026.md,,"A body aware of another's failure to determine, that takes no steps to bring the submission to a competent body, shares responsibility.",FSD-Ontology-2026.md — Submission,,
FSD,fsd:Determination,EU-Regulatory-Annotation_Duty-to-Determine-Bill_2026.md,,A determination made without the technical capacity to evaluate is a determination made without the Art.,FSD-Ontology-2026.md — Determination,,
FSD,fsd:LoopClosure,EU-Regulatory-Annotation_Duty-to-Determine-Bill_2026.md,,## PART VI — LOOP CLOSURE,FSD-Ontology-2026.md — Loop Closure,,
FSD,fsd:Determination,EU-Regulatory-Annotation_Duty-to-Determine-Bill_2026.md,,10B–10C — The loop condition and residual determination obligation,FSD-Ontology-2026.md — Determination,,
FSD,fsd:LoopCondition,EU-Regulatory-Annotation_Duty-to-Determine-Bill_2026.md,,10B–10C — The loop condition and residual determination obligation,FSD-Ontology-2026.md — Loop Condition,,
FSD,fsd:ResidualObligation,EU-Regulatory-Annotation_Duty-to-Determine-Bill_2026.md,,10B–10C — The loop condition and residual determination obligation,FSD-Ontology-2026.md — Residual Determination Obligation,,
FSD,fsd:LoopCondition,EU-Regulatory-Annotation_Duty-to-Determine-Bill_2026.md,,The loop condition is the condition in which Art.,FSD-Ontology-2026.md — Loop Condition,,
FSD,fsd:Determination,EU-Regulatory-Annotation_Duty-to-Determine-Bill_2026.md,,"47 has been violated at scale: three or more bodies, no merits examination, no body producing a determination.",FSD-Ontology-2026.md — Determination,,
FSD,fsd:Ombudsman,EU-Regulatory-Annotation_Duty-to-Determine-Bill_2026.md,,10C(4)'s mandatory High Court referral by the Ombudsman is the domestic instrument of Art.,FSD-Ontology-2026.md — Ombudsman,,
FSD,fsd:LoopCondition,EU-Regulatory-Annotation_Duty-to-Determine-Bill_2026.md,,"**Jurisdictional indeterminacy (Explanatory Memorandum §""Jurisdictional Indeterminacy Distinguished from Temporal Indeterminacy""):** The loop condition addresses what French law has not: the case where three bodies successively disclaim competence without any body holding the integrated obligation.",FSD-Ontology-2026.md — Loop Condition,,
FSD,fsd:CompetentAuthority,EU-Regulatory-Annotation_Duty-to-Determine-Bill_2026.md,,11 — Competent authority reporting,FSD-Ontology-2026.md — Competent Authority,,
FSD,fsd:Determination,EU-Regulatory-Annotation_Duty-to-Determine-Bill_2026.md,,11A is the determination-specific accountability layer.,FSD-Ontology-2026.md — Determination,,
FSD,fsd:Submission,EU-Regulatory-Annotation_Duty-to-Determine-Bill_2026.md,,"### ""Operative Submissions: The Common Law Foundation""",FSD-Ontology-2026.md — Submission,,
FSD,fsd:Determination,EU-Regulatory-Annotation_Duty-to-Determine-Bill_2026.md,,"It names what no other identified jurisdiction has yet legislated for: the condition in which an obligation is distributed across bodies none of which holds it in full, producing a permanent non-determination that temporal mechanisms (silence rules, deadlines) cannot reach.",FSD-Ontology-2026.md — Determination,,
FSD,fsd:NonDetermination,EU-Regulatory-Annotation_Duty-to-Determine-Bill_2026.md,,"It names what no other identified jurisdiction has yet legislated for: the condition in which an obligation is distributed across bodies none of which holds it in full, producing a permanent non-determination that temporal mechanisms (silence rules, deadlines) cannot reach.",FSD-Ontology-2026.md — Non-Determination,,
FSD,fsd:Determination,EU-Regulatory-Annotation_Duty-to-Determine-Bill_2026.md,,No Member State mechanism was identified that creates a domestic residual determination obligation triggered by the exhaustion of ordinary administrative channels.,FSD-Ontology-2026.md — Determination,,
FSD,fsd:ResidualObligation,EU-Regulatory-Annotation_Duty-to-Determine-Bill_2026.md,,No Member State mechanism was identified that creates a domestic residual determination obligation triggered by the exhaustion of ordinary administrative channels.,FSD-Ontology-2026.md — Residual Determination Obligation,,
FSD,fsd:CompetentAuthority,EU-Regulatory-Annotation_Duty-to-Determine-Bill_2026.md,,"2 (""competent authority"") | Art.",FSD-Ontology-2026.md — Competent Authority,,
FSD,fsd:Submission,EU-Regulatory-Annotation_Duty-to-Determine-Bill_2026.md,,"2 (""operative submission"") | Arts.",FSD-Ontology-2026.md — Submission,,
FSD,fsd:StructuralDisplacement,EU-Regulatory-Annotation_Duty-to-Determine-Bill_2026.md,,"2 (""structural displacement"") | Art.",FSD-Ontology-2026.md — Structural Displacement,,
FSD,fsd:SufficiencyAssertion,EU-Regulatory-Annotation_Duty-to-Determine-Bill_2026.md,,5 (sufficiency assertion ban) | Arts.,FSD-Ontology-2026.md — Sufficiency Assertion,,
FSD,fsd:AdministrativeAmnesia,EU-Regulatory-Annotation_Duty-to-Determine-Bill_2026.md,,6 (administrative amnesia) | Art.,FSD-Ontology-2026.md — Administrative Amnesia,,
FSD,fsd:LoopClosure,EU-Regulatory-Annotation_Duty-to-Determine-Bill_2026.md,,10B–10C (loop closure) | Art.,FSD-Ontology-2026.md — Loop Closure,,
FSD,fsd:CompetentAuthority,EU-Regulatory-Annotation_Duty-to-Determine-Bill_2026.md,,70 competent authority designation (already in force) - Arts.,FSD-Ontology-2026.md — Competent Authority,,
FSD,fsd:Determination,EU-Regulatory-Annotation_Duty-to-Determine-Bill_2026.md,,The Omnibus is not a defence to non-determination.,FSD-Ontology-2026.md — Determination,,
FSD,fsd:NonDetermination,EU-Regulatory-Annotation_Duty-to-Determine-Bill_2026.md,,The Omnibus is not a defence to non-determination.,FSD-Ontology-2026.md — Non-Determination,,
FSD,fsd:NullificationLoop,FSD-Ontology-2026-Extended-Framework.md,,"> *The conclusions of most good Operations Research studies are obvious.* > — Robert Machol > > > The Nullification Loop is obvious, once you have the right lens.",FSD-Ontology-2026.md — Nullification Loop,,
FSD,fsd:Determination,FSD-Ontology-2026-Extended-Framework.md,,"Each examination has produced a valid output — a declination, a remit displacement, a noted correspondence, a demotion — without producing a determination on the matter examined.",FSD-Ontology-2026.md — Determination,,
FSD,fsd:RemitDisplacement,FSD-Ontology-2026-Extended-Framework.md,,"Each examination has produced a valid output — a declination, a remit displacement, a noted correspondence, a demotion — without producing a determination on the matter examined.",FSD-Ontology-2026.md — Remit Displacement,,
FSD,fsd:Submission,FSD-Ontology-2026-Extended-Framework.md,,### 1.1 The Submission as Signal,FSD-Ontology-2026.md — Submission,,
FSD,fsd:Submission,FSD-Ontology-2026-Extended-Framework.md,,"A submission of national utility has high information content precisely because it is unexpected: it asserts something the receiving system does not already contain, about a domain where the system's prior is low.",FSD-Ontology-2026.md — Submission,,
FSD,fsd:SubmissionOfNationalUtility,FSD-Ontology-2026-Extended-Framework.md,,"A submission of national utility has high information content precisely because it is unexpected: it asserts something the receiving system does not already contain, about a domain where the system's prior is low.",FSD-Ontology-2026.md — Submission of National Utility,,
FSD,fsd:CompetentAuthority,FSD-Ontology-2026-Extended-Framework.md,,Each layer has a defined destination: the competent authority designated under Regulation (EU) 2021/821 to assess whether submitted material falls within the scope of the Regulation.,FSD-Ontology-2026.md — Competent Authority,,
FSD,fsd:Submission,FSD-Ontology-2026-Extended-Framework.md,,where I(X;Y) is the mutual information between input X (the submission) and output Y (the determination).,FSD-Ontology-2026.md — Submission,,
FSD,fsd:Determination,FSD-Ontology-2026-Extended-Framework.md,,where I(X;Y) is the mutual information between input X (the submission) and output Y (the determination).,FSD-Ontology-2026.md — Determination,,
FSD,fsd:Submission,FSD-Ontology-2026-Extended-Framework.md,,In an ideal channel: I(X;Y) = H(X) — the determination fully reflects the submission.,FSD-Ontology-2026.md — Submission,,
FSD,fsd:Determination,FSD-Ontology-2026-Extended-Framework.md,,In an ideal channel: I(X;Y) = H(X) — the determination fully reflects the submission.,FSD-Ontology-2026.md — Determination,,
FSD,fsd:NullificationLoop,FSD-Ontology-2026-Extended-Framework.md,,In the Nullification Loop: I(X;Y) → 0.,FSD-Ontology-2026.md — Nullification Loop,,
FSD,fsd:CompetentAuthority,FSD-Ontology-2026-Extended-Framework.md,,The competent authority designation exists.,FSD-Ontology-2026.md — Competent Authority,,
FSD,fsd:ProhibitedPractice,FSD-Ontology-2026-Extended-Framework.md,,The channel is zero-capacity for this class of input because it has been configured — through the accumulation of five prohibited practices — to produce outputs that are independent of the input.,FSD-Ontology-2026.md — Prohibited Practice,,
FSD,fsd:RemitDisplacement,FSD-Ontology-2026-Extended-Framework.md,,"The Nullification Loop produces **structured noise**: it replaces the signal with a fixed output (acknowledgement, declination, remit displacement) regardless of what the signal contains.",FSD-Ontology-2026.md — Remit Displacement,,
FSD,fsd:NullificationLoop,FSD-Ontology-2026-Extended-Framework.md,,"The Nullification Loop produces **structured noise**: it replaces the signal with a fixed output (acknowledgement, declination, remit displacement) regardless of what the signal contains.",FSD-Ontology-2026.md — Nullification Loop,,
FSD,fsd:Submission,FSD-Ontology-2026-Extended-Framework.md,,The submission X has zero coefficient.,FSD-Ontology-2026.md — Submission,,
FSD,fsd:Determination,FSD-Ontology-2026-Extended-Framework.md,,### 1.3 Entropy of the Determination Process,FSD-Ontology-2026.md — Determination,,
FSD,fsd:Determination,FSD-Ontology-2026-Extended-Framework.md,,"The Shannon entropy of the determination process, H(D), measures its unpredictability:",FSD-Ontology-2026.md — Determination,,
FSD,fsd:NullificationLoop,FSD-Ontology-2026-Extended-Framework.md,,"In the Nullification Loop, H(D) collapses to near zero.",FSD-Ontology-2026.md — Nullification Loop,,
FSD,fsd:Determination,FSD-Ontology-2026-Extended-Framework.md,,The output distribution concentrates on a single outcome: non-determination.,FSD-Ontology-2026.md — Determination,,
FSD,fsd:NonDetermination,FSD-Ontology-2026-Extended-Framework.md,,The output distribution concentrates on a single outcome: non-determination.,FSD-Ontology-2026.md — Non-Determination,,
FSD,fsd:Submission,FSD-Ontology-2026-Extended-Framework.md,,The system becomes **maximally predictable** — and therefore carries zero information about the submission that entered it.,FSD-Ontology-2026.md — Submission,,
FSD,fsd:RemitDisplacement,FSD-Ontology-2026-Extended-Framework.md,,"The Loop's output across twenty years — acknowledgement, deferral, remit displacement, sufficiency assertion, record suppression, repeat — has minimal Kolmogorov complexity.",FSD-Ontology-2026.md — Remit Displacement,,
FSD,fsd:SufficiencyAssertion,FSD-Ontology-2026-Extended-Framework.md,,"The Loop's output across twenty years — acknowledgement, deferral, remit displacement, sufficiency assertion, record suppression, repeat — has minimal Kolmogorov complexity.",FSD-Ontology-2026.md — Sufficiency Assertion,,
FSD,fsd:Submission,FSD-Ontology-2026-Extended-Framework.md,,A rejection must engage the specific submitted corpus — it must have Kolmogorov complexity ≥ K(submission_description).,FSD-Ontology-2026.md — Submission,,
FSD,fsd:Submission,FSD-Ontology-2026-Extended-Framework.md,,"Gregory Bateson defined information as ""a difference that makes a difference."" The submission must make a difference to the system's state for it to carry information in the operative sense.",FSD-Ontology-2026.md — Submission,,
FSD,fsd:Submission,FSD-Ontology-2026-Extended-Framework.md,,"In the Nullification Loop, the submission makes no difference.",FSD-Ontology-2026.md — Submission,,
FSD,fsd:NullificationLoop,FSD-Ontology-2026-Extended-Framework.md,,"In the Nullification Loop, the submission makes no difference.",FSD-Ontology-2026.md — Nullification Loop,,
FSD,fsd:Determination,FSD-Ontology-2026-Extended-Framework.md,,"The system's state before and after receipt is identical in every functional respect: no evaluation is initiated, no classification is produced, no statutory determination issues.",FSD-Ontology-2026.md — Determination,,
FSD,fsd:Submission,FSD-Ontology-2026-Extended-Framework.md,,"The submission is received into the system and the system continues on its prior trajectory, unchanged.",FSD-Ontology-2026.md — Submission,,
FSD,fsd:SufficiencyAssertion,FSD-Ontology-2026-Extended-Framework.md,,"Silence, acknowledgement, and sufficiency assertion constitute none.",FSD-Ontology-2026.md — Sufficiency Assertion,,
FSD,fsd:NullificationLoop,FSD-Ontology-2026-Extended-Framework.md,,The Nullification Loop represents a pathology within Luhmann's framework: **autopoietic closure without functional output**.,FSD-Ontology-2026.md — Nullification Loop,,
FSD,fsd:Submission,FSD-Ontology-2026-Extended-Framework.md,,"The legal system receives the submission (a communication), processes it through its programs (the competent authority obligation under Regulation 2021/821), and should produce an output coded legal or illegal (evaluation: within scope/outside scope).",FSD-Ontology-2026.md — Submission,,
FSD,fsd:CompetentAuthority,FSD-Ontology-2026-Extended-Framework.md,,"The legal system receives the submission (a communication), processes it through its programs (the competent authority obligation under Regulation 2021/821), and should produce an output coded legal or illegal (evaluation: within scope/outside scope).",FSD-Ontology-2026.md — Competent Authority,,
FSD,fsd:Submission,FSD-Ontology-2026-Extended-Framework.md,,"Instead, it produces a third type of output — procedurally valid communications (acknowledgements, declinations) — that are neither legal nor illegal codings of the submission.",FSD-Ontology-2026.md — Submission,,
FSD,fsd:Submission,FSD-Ontology-2026-Extended-Framework.md,,"In a functioning system, a formal submission under a directly applicable EU regulation should irritate the political system into response.",FSD-Ontology-2026.md — Submission,,
FSD,fsd:Submission,FSD-Ontology-2026-Extended-Framework.md,,"The Loop breaks the coupling: the legal communication (the submission, invoking Regulation 2021/821) enters the political system and is converted into an administrative communication (acknowledgement) that does not re-enter the legal system as a legal coding.",FSD-Ontology-2026.md — Submission,,
FSD,fsd:Determination,FSD-Ontology-2026-Extended-Framework.md,,**The FSD Bill as Luhmann solution:** The Bill reinstates the coupling by making the binary code — determination/non-determination — **operative at the procedural level**.,FSD-Ontology-2026.md — Determination,,
FSD,fsd:NonDetermination,FSD-Ontology-2026-Extended-Framework.md,,**The FSD Bill as Luhmann solution:** The Bill reinstates the coupling by making the binary code — determination/non-determination — **operative at the procedural level**.,FSD-Ontology-2026.md — Non-Determination,,
FSD,fsd:Determination,FSD-Ontology-2026-Extended-Framework.md,,Silence is now a legally coded event (non-determination = legal breach).,FSD-Ontology-2026.md — Determination,,
FSD,fsd:NonDetermination,FSD-Ontology-2026-Extended-Framework.md,,Silence is now a legally coded event (non-determination = legal breach).,FSD-Ontology-2026.md — Non-Determination,,
FSD,fsd:Determination,FSD-Ontology-2026-Extended-Framework.md,,Every output must be either a determination (legal coding) or a prohibited practice (illegal coding).,FSD-Ontology-2026.md — Determination,,
FSD,fsd:ProhibitedPractice,FSD-Ontology-2026-Extended-Framework.md,,Every output must be either a determination (legal coding) or a prohibited practice (illegal coding).,FSD-Ontology-2026.md — Prohibited Practice,,
FSD,fsd:OnticCollapse,FSD-Ontology-2026-Extended-Framework.md,,### 2.2 Beer's Viable System Model: Diagnosing Ontic Collapse,FSD-Ontology-2026.md — Ontic Collapse,,
FSD,fsd:Submission,FSD-Ontology-2026-Extended-Framework.md,,"| VSM System | Function | Irish CA Architecture — Current State | |---|---|---| | **S1** (Operations) | The operational units doing primary work | DETE (licensing), DFA (regime memberships), DoD (security assessment) — three separate S1 units | | **S2** (Coordination) | Anti-oscillation between S1 units; information channels | **ABSENT** — no statutory coordination mechanism between DETE, DFA, DoD | | **S3** (Operational Control) | Resource bargaining; overall S1 management | Nominal — no minister has held overall CA accountability since August 2024 | | **S3\*** (Audit/Monitoring) | Sporadic monitoring of S1 operations | Partially functional — PAC (partial), Ombudsman (active) | | **S4** (Intelligence) | Environmental scanning; adaptation | **COLLAPSED** — the system cannot learn from submissions because it does not process them | | **S5** (Policy/Identity) | Ethos; ultimate authority; constitutional identity | Formally intact (Bunreacht na hÉireann, EU treaty obligations) but decoupled from S3 |",FSD-Ontology-2026.md — Submission,,
FSD,fsd:Ombudsman,FSD-Ontology-2026-Extended-Framework.md,,"| VSM System | Function | Irish CA Architecture — Current State | |---|---|---| | **S1** (Operations) | The operational units doing primary work | DETE (licensing), DFA (regime memberships), DoD (security assessment) — three separate S1 units | | **S2** (Coordination) | Anti-oscillation between S1 units; information channels | **ABSENT** — no statutory coordination mechanism between DETE, DFA, DoD | | **S3** (Operational Control) | Resource bargaining; overall S1 management | Nominal — no minister has held overall CA accountability since August 2024 | | **S3\*** (Audit/Monitoring) | Sporadic monitoring of S1 operations | Partially functional — PAC (partial), Ombudsman (active) | | **S4** (Intelligence) | Environmental scanning; adaptation | **COLLAPSED** — the system cannot learn from submissions because it does not process them | | **S5** (Policy/Identity) | Ethos; ultimate authority; constitutional identity | Formally intact (Bunreacht na hÉireann, EU treaty obligations) but decoupled from S3 |",FSD-Ontology-2026.md — Ombudsman,,
FSD,fsd:Submission,FSD-Ontology-2026-Extended-Framework.md,,"This is the VSM representation of ontic collapse: three S1 units with no S2 to coordinate them, and no S4 to adapt the system to the submissions it receives.",FSD-Ontology-2026.md — Submission,,
FSD,fsd:OnticCollapse,FSD-Ontology-2026-Extended-Framework.md,,"This is the VSM representation of ontic collapse: three S1 units with no S2 to coordinate them, and no S4 to adapt the system to the submissions it receives.",FSD-Ontology-2026.md — Ontic Collapse,,
FSD,fsd:Submission,FSD-Ontology-2026-Extended-Framework.md,,"The submitted OR corpus has variety V(submission): multiple domains of application, multiple methodological frameworks, multiple regulatory dimensions (dual-use, AI, emergency planning, energy, logistics).",FSD-Ontology-2026.md — Submission,,
FSD,fsd:Determination,FSD-Ontology-2026-Extended-Framework.md,,The Irish CA architecture has effective variety V(CA) ≈ 1 (three units that collectively produce one output: non-determination).,FSD-Ontology-2026.md — Determination,,
FSD,fsd:NonDetermination,FSD-Ontology-2026-Extended-Framework.md,,The Irish CA architecture has effective variety V(CA) ≈ 1 (three units that collectively produce one output: non-determination).,FSD-Ontology-2026.md — Non-Determination,,
FSD,fsd:Submission,FSD-Ontology-2026-Extended-Framework.md,,**Beer's prescription:** Increase the variety of the control system (reconstitute S2 and S4) or reduce the variety of the submission to match the system's capacity.,FSD-Ontology-2026.md — Submission,,
FSD,fsd:Ombudsman,FSD-Ontology-2026-Extended-Framework.md,,The FSD Bill does neither — it instead introduces a **meta-system (S5 operative)** that overrides the blocked S1-S4 cycle by vesting the residual obligation in the Ombudsman.,FSD-Ontology-2026.md — Ombudsman,,
FSD,fsd:Ombudsman,FSD-Ontology-2026-Extended-Framework.md,,The Ombudsman becomes the emergency S3: capable of acting where the primary S1-S2-S3 loop has failed.,FSD-Ontology-2026.md — Ombudsman,,
FSD,fsd:NullificationLoop,FSD-Ontology-2026-Extended-Framework.md,,The Nullification Loop maps precisely onto this framework.,FSD-Ontology-2026.md — Nullification Loop,,
FSD,fsd:Submission,FSD-Ontology-2026-Extended-Framework.md,,**Stocks:** - `UnprocessedSubmissions` — the accumulating stock of received but undetermined submissions - `InstitutionalObligation` — the growing stock of unperformed statutory duty - `EvidentaryRecord` — the expanding stock of documented non-engagement,FSD-Ontology-2026.md — Submission,,
FSD,fsd:Submission,FSD-Ontology-2026-Extended-Framework.md,,**Flows:** - In: new submissions (inflow to `UnprocessedSubmissions`) - Out: determinations (outflow — currently zero for this class of submission) - In: time without determination (inflow to `InstitutionalObligation`) - In: documented non-responses (inflow to `EvidentaryRecord`),FSD-Ontology-2026.md — Submission,,
FSD,fsd:Determination,FSD-Ontology-2026-Extended-Framework.md,,**Flows:** - In: new submissions (inflow to `UnprocessedSubmissions`) - Out: determinations (outflow — currently zero for this class of submission) - In: time without determination (inflow to `InstitutionalObligation`) - In: documented non-responses (inflow to `EvidentaryRecord`),FSD-Ontology-2026.md — Determination,,
FSD,fsd:Determination,FSD-Ontology-2026-Extended-Framework.md,,``` R1 (Reinforcing — the Loop): Non-determination → Administrative Amnesia → Fresh cycle of acknowledgement → Non-determination [loop restarts],FSD-Ontology-2026.md — Determination,,
FSD,fsd:NonDetermination,FSD-Ontology-2026-Extended-Framework.md,,``` R1 (Reinforcing — the Loop): Non-determination → Administrative Amnesia → Fresh cycle of acknowledgement → Non-determination [loop restarts],FSD-Ontology-2026.md — Non-Determination,,
FSD,fsd:AdministrativeAmnesia,FSD-Ontology-2026-Extended-Framework.md,,``` R1 (Reinforcing — the Loop): Non-determination → Administrative Amnesia → Fresh cycle of acknowledgement → Non-determination [loop restarts],FSD-Ontology-2026.md — Administrative Amnesia,,
FSD,fsd:Determination,FSD-Ontology-2026-Extended-Framework.md,,R2 (Reinforcing — Accumulation): Growing InstitutionalObligation → Institutional reluctance to engage → Further non-determination → Growing obligation,FSD-Ontology-2026.md — Determination,,
FSD,fsd:NonDetermination,FSD-Ontology-2026-Extended-Framework.md,,R2 (Reinforcing — Accumulation): Growing InstitutionalObligation → Institutional reluctance to engage → Further non-determination → Growing obligation,FSD-Ontology-2026.md — Non-Determination,,
FSD,fsd:Ombudsman,FSD-Ontology-2026-Extended-Framework.md,,B1 (Balancing — proposed by the Act): Non-determination → Loop Condition → Ombudsman obligation → High Court order → Determination [loop terminated],FSD-Ontology-2026.md — Ombudsman,,
FSD,fsd:Determination,FSD-Ontology-2026-Extended-Framework.md,,B1 (Balancing — proposed by the Act): Non-determination → Loop Condition → Ombudsman obligation → High Court order → Determination [loop terminated],FSD-Ontology-2026.md — Determination,,
FSD,fsd:NonDetermination,FSD-Ontology-2026-Extended-Framework.md,,B1 (Balancing — proposed by the Act): Non-determination → Loop Condition → Ombudsman obligation → High Court order → Determination [loop terminated],FSD-Ontology-2026.md — Non-Determination,,
FSD,fsd:LoopCondition,FSD-Ontology-2026-Extended-Framework.md,,B1 (Balancing — proposed by the Act): Non-determination → Loop Condition → Ombudsman obligation → High Court order → Determination [loop terminated],FSD-Ontology-2026.md — Loop Condition,,
FSD,fsd:Determination,FSD-Ontology-2026-Extended-Framework.md,,"B2 (Balancing — external, EU): Non-determination → Commission evaluation (Art.",FSD-Ontology-2026.md — Determination,,
FSD,fsd:NonDetermination,FSD-Ontology-2026-Extended-Framework.md,,"B2 (Balancing — external, EU): Non-determination → Commission evaluation (Art.",FSD-Ontology-2026.md — Non-Determination,,
FSD,fsd:Determination,FSD-Ontology-2026-Extended-Framework.md,,26) → Infringement proceedings → CJEU judgment → Determination compelled ```,FSD-Ontology-2026.md — Determination,,
FSD,fsd:Ombudsman,FSD-Ontology-2026-Extended-Framework.md,,**The FSD Bill as B1 loop:** The Bill's loop closure mechanism (Part VI) is precisely a balancing feedback structure: non-determination triggers Ombudsman investigation triggers High Court application triggers determination.,FSD-Ontology-2026.md — Ombudsman,,
FSD,fsd:Determination,FSD-Ontology-2026-Extended-Framework.md,,**The FSD Bill as B1 loop:** The Bill's loop closure mechanism (Part VI) is precisely a balancing feedback structure: non-determination triggers Ombudsman investigation triggers High Court application triggers determination.,FSD-Ontology-2026.md — Determination,,
FSD,fsd:NonDetermination,FSD-Ontology-2026-Extended-Framework.md,,**The FSD Bill as B1 loop:** The Bill's loop closure mechanism (Part VI) is precisely a balancing feedback structure: non-determination triggers Ombudsman investigation triggers High Court application triggers determination.,FSD-Ontology-2026.md — Non-Determination,,
FSD,fsd:LoopClosure,FSD-Ontology-2026-Extended-Framework.md,,**The FSD Bill as B1 loop:** The Bill's loop closure mechanism (Part VI) is precisely a balancing feedback structure: non-determination triggers Ombudsman investigation triggers High Court application triggers determination.,FSD-Ontology-2026.md — Loop Closure,,
FSD,fsd:Ombudsman,FSD-Ontology-2026-Extended-Framework.md,,The Act's 6-month Ombudsman period and the automatic commencement provision (s.1(3)) are attempts to minimise the most critical delays.,FSD-Ontology-2026.md — Ombudsman,,
FSD,fsd:NullificationLoop,FSD-Ontology-2026-Extended-Framework.md,,The Nullification Loop is a **stable attractor** in the Irish administrative CAS.,FSD-Ontology-2026.md — Nullification Loop,,
FSD,fsd:Determination,FSD-Ontology-2026-Extended-Framework.md,,- The clerk maximises procedural compliance → issues a remit declination - The officer maximises departmental protection → issues a sufficiency assertion - The minister's office maximises political management → issues an acknowledgement without determination,FSD-Ontology-2026.md — Determination,,
FSD,fsd:SufficiencyAssertion,FSD-Ontology-2026-Extended-Framework.md,,- The clerk maximises procedural compliance → issues a remit declination - The officer maximises departmental protection → issues a sufficiency assertion - The minister's office maximises political management → issues an acknowledgement without determination,FSD-Ontology-2026.md — Sufficiency Assertion,,
FSD,fsd:Determination,FSD-Ontology-2026-Extended-Framework.md,,The aggregate output — permanent non-determination — emerges from the interaction of rational local agents without any agent intending it.,FSD-Ontology-2026.md — Determination,,
FSD,fsd:NonDetermination,FSD-Ontology-2026-Extended-Framework.md,,The aggregate output — permanent non-determination — emerges from the interaction of rational local agents without any agent intending it.,FSD-Ontology-2026.md — Non-Determination,,
FSD,fsd:Submission,FSD-Ontology-2026-Extended-Framework.md,,"The attractor has absorbed: political correspondence, parliamentary submissions, committee appearances, EU-level notification, Ombudsman complaint, and pre-litigation notice — without changing state.",FSD-Ontology-2026.md — Submission,,
FSD,fsd:Ombudsman,FSD-Ontology-2026-Extended-Framework.md,,"The attractor has absorbed: political correspondence, parliamentary submissions, committee appearances, EU-level notification, Ombudsman complaint, and pre-litigation notice — without changing state.",FSD-Ontology-2026.md — Ombudsman,,
FSD,fsd:Determination,FSD-Ontology-2026-Extended-Framework.md,,"The FSD Bill's loop closure mechanism is, in CAS terms, an attempt to **change the fitness landscape** — to make non-determination locally irrational for each agent.",FSD-Ontology-2026.md — Determination,,
FSD,fsd:NonDetermination,FSD-Ontology-2026-Extended-Framework.md,,"The FSD Bill's loop closure mechanism is, in CAS terms, an attempt to **change the fitness landscape** — to make non-determination locally irrational for each agent.",FSD-Ontology-2026.md — Non-Determination,,
FSD,fsd:LoopClosure,FSD-Ontology-2026-Extended-Framework.md,,"The FSD Bill's loop closure mechanism is, in CAS terms, an attempt to **change the fitness landscape** — to make non-determination locally irrational for each agent.",FSD-Ontology-2026.md — Loop Closure,,
FSD,fsd:Ombudsman,FSD-Ontology-2026-Extended-Framework.md,,"By making the loop condition legally consequential (Ombudsman obligation, High Court application), the Bill alters the payoff structure for local agents.",FSD-Ontology-2026.md — Ombudsman,,
FSD,fsd:LoopCondition,FSD-Ontology-2026-Extended-Framework.md,,"By making the loop condition legally consequential (Ombudsman obligation, High Court application), the Bill alters the payoff structure for local agents.",FSD-Ontology-2026.md — Loop Condition,,
FSD,fsd:Submission,FSD-Ontology-2026-Extended-Framework.md,,17 (right to erasure) | N/A | | **Enabling** | Requires enabling legislation to become operative | Directives — transpose-then-enforce | N/A | | **Administratively activated** | Operative through designated authority action | Regulation 2021/821 — operative through CA determination | The submission: administratively blocked | | **Unenforced but valid** | Legally operative; enforcement discretion exercised not to act | Parking regulations in low-density areas | A determination that exists but is ignored | | **Structurally unenforceable** | No enforcement mechanism capable of producing compliance | Obligation distributed without coordination | The post-transfer CA architecture |,FSD-Ontology-2026.md — Submission,,
FSD,fsd:Determination,FSD-Ontology-2026-Extended-Framework.md,,17 (right to erasure) | N/A | | **Enabling** | Requires enabling legislation to become operative | Directives — transpose-then-enforce | N/A | | **Administratively activated** | Operative through designated authority action | Regulation 2021/821 — operative through CA determination | The submission: administratively blocked | | **Unenforced but valid** | Legally operative; enforcement discretion exercised not to act | Parking regulations in low-density areas | A determination that exists but is ignored | | **Structurally unenforceable** | No enforcement mechanism capable of producing compliance | Obligation distributed without coordination | The post-transfer CA architecture |,FSD-Ontology-2026.md — Determination,,
FSD,fsd:Determination,FSD-Ontology-2026-Extended-Framework.md,,"**Option A — Legislative reconstitution.** Create a statutory coordination mechanism assembling the partial competences across DETE, DFA, and DoD into a body capable of issuing a determination.",FSD-Ontology-2026.md — Determination,,
FSD,fsd:Determination,FSD-Ontology-2026-Extended-Framework.md,,This is what the Administrative Determination Bill addresses.,FSD-Ontology-2026.md — Determination,,
FSD,fsd:OnticCollapse,FSD-Ontology-2026-Extended-Framework.md,,The only domestic option that resolves ontic collapse rather than working around it.,FSD-Ontology-2026.md — Ontic Collapse,,
FSD,fsd:Submission,FSD-Ontology-2026-Extended-Framework.md,,**Option F — Deemed acceptance.** The constructive legal doctrine that prolonged non-rebuttal of a submission's premises operates as acceptance of the factual record.,FSD-Ontology-2026.md — Submission,,
FSD,fsd:Submission,FSD-Ontology-2026-Extended-Framework.md,,It is a **meta-option**: it creates the institutional mechanism through which Options A–F become systematically available for any future submission.,FSD-Ontology-2026.md — Submission,,
FSD,fsd:NullificationLoop,FSD-Ontology-2026-Extended-Framework.md,,The Nullification Loop is a criterion 8 failure of maximum severity.,FSD-Ontology-2026.md — Nullification Loop,,
FSD,fsd:Submission,FSD-Ontology-2026-Extended-Framework.md,,"9(2): maintain and exercise capacity to assess submissions) is clear, specific, and consistently violated.",FSD-Ontology-2026.md — Submission,,
FSD,fsd:Submission,FSD-Ontology-2026-Extended-Framework.md,,"Fuller would conclude: the Irish administrative architecture, in its treatment of this class of submission, has withdrawn from the internal morality of law.",FSD-Ontology-2026.md — Submission,,
FSD,fsd:Determination,FSD-Ontology-2026-Extended-Framework.md,,Kelsen's cascade: Grundnorm (Bunreacht na hÉireann + EU treaty obligations) → statute → regulation → administrative act → determination.,FSD-Ontology-2026.md — Determination,,
FSD,fsd:Determination,FSD-Ontology-2026-Extended-Framework.md,,"If the downward cascade fails — if the terminal act (determination) is systematically absent — the Grundnorm becomes **nominally valid**: generating validity claims it cannot enforce, producing obligations that are not discharged.",FSD-Ontology-2026.md — Determination,,
FSD,fsd:Submission,FSD-Ontology-2026-Extended-Framework.md,,"**Layer 1 — Signal layer (the submission)** ``` fsd:Submission → fsd:SubmissionOfNationalUtility → fsd:DualUseSubmission Shannon: H(X) substantial; I(x) high; dual-use content, testable components ```",FSD-Ontology-2026.md — Submission,,
FSD,fsd:SubmissionOfNationalUtility,FSD-Ontology-2026-Extended-Framework.md,,"**Layer 1 — Signal layer (the submission)** ``` fsd:Submission → fsd:SubmissionOfNationalUtility → fsd:DualUseSubmission Shannon: H(X) substantial; I(x) high; dual-use content, testable components ```",FSD-Ontology-2026.md — Submission of National Utility,,
FSD,fsd:DualUseSubmission,FSD-Ontology-2026-Extended-Framework.md,,"**Layer 1 — Signal layer (the submission)** ``` fsd:Submission → fsd:SubmissionOfNationalUtility → fsd:DualUseSubmission Shannon: H(X) substantial; I(x) high; dual-use content, testable components ```",FSD-Ontology-2026.md — Dual-Use Submission,,
FSD,fsd:Submission,FSD-Ontology-2026-Extended-Framework.md,,**Layer 2 — Channel layer (the Loop)** ``` fsd:PublicBody [hasReceived] → fsd:Submission fsd:PublicBody [hasInstantiated] → fsd:ProhibitedPractice fsd:NonDetermination [mutual information with Submission] → 0 Luhmann: code-free output.,FSD-Ontology-2026.md — Submission,,
FSD,fsd:PublicBody,FSD-Ontology-2026-Extended-Framework.md,,**Layer 2 — Channel layer (the Loop)** ``` fsd:PublicBody [hasReceived] → fsd:Submission fsd:PublicBody [hasInstantiated] → fsd:ProhibitedPractice fsd:NonDetermination [mutual information with Submission] → 0 Luhmann: code-free output.,FSD-Ontology-2026.md — Public Body,,
FSD,fsd:Determination,FSD-Ontology-2026-Extended-Framework.md,,**Layer 2 — Channel layer (the Loop)** ``` fsd:PublicBody [hasReceived] → fsd:Submission fsd:PublicBody [hasInstantiated] → fsd:ProhibitedPractice fsd:NonDetermination [mutual information with Submission] → 0 Luhmann: code-free output.,FSD-Ontology-2026.md — Determination,,
FSD,fsd:NonDetermination,FSD-Ontology-2026-Extended-Framework.md,,**Layer 2 — Channel layer (the Loop)** ``` fsd:PublicBody [hasReceived] → fsd:Submission fsd:PublicBody [hasInstantiated] → fsd:ProhibitedPractice fsd:NonDetermination [mutual information with Submission] → 0 Luhmann: code-free output.,FSD-Ontology-2026.md — Non-Determination,,
FSD,fsd:ProhibitedPractice,FSD-Ontology-2026-Extended-Framework.md,,**Layer 2 — Channel layer (the Loop)** ``` fsd:PublicBody [hasReceived] → fsd:Submission fsd:PublicBody [hasInstantiated] → fsd:ProhibitedPractice fsd:NonDetermination [mutual information with Submission] → 0 Luhmann: code-free output.,FSD-Ontology-2026.md — Prohibited Practice,,
FSD,fsd:Ombudsman,FSD-Ontology-2026-Extended-Framework.md,,**Layer 3 — Correction layer (the Act)** ``` fsd:LoopCondition [triggers] → fsd:ResidualObligation fsd:ResidualObligation [vests in] → fsd:Ombudsman fsd:LoopClosure [recorded in] → fsd:PublicRegister Luhmann: binary code restored.,FSD-Ontology-2026.md — Ombudsman,,
FSD,fsd:LoopCondition,FSD-Ontology-2026-Extended-Framework.md,,**Layer 3 — Correction layer (the Act)** ``` fsd:LoopCondition [triggers] → fsd:ResidualObligation fsd:ResidualObligation [vests in] → fsd:Ombudsman fsd:LoopClosure [recorded in] → fsd:PublicRegister Luhmann: binary code restored.,FSD-Ontology-2026.md — Loop Condition,,
FSD,fsd:ResidualObligation,FSD-Ontology-2026-Extended-Framework.md,,**Layer 3 — Correction layer (the Act)** ``` fsd:LoopCondition [triggers] → fsd:ResidualObligation fsd:ResidualObligation [vests in] → fsd:Ombudsman fsd:LoopClosure [recorded in] → fsd:PublicRegister Luhmann: binary code restored.,FSD-Ontology-2026.md — Residual Determination Obligation,,
FSD,fsd:LoopClosure,FSD-Ontology-2026-Extended-Framework.md,,**Layer 3 — Correction layer (the Act)** ``` fsd:LoopCondition [triggers] → fsd:ResidualObligation fsd:ResidualObligation [vests in] → fsd:Ombudsman fsd:LoopClosure [recorded in] → fsd:PublicRegister Luhmann: binary code restored.,FSD-Ontology-2026.md — Loop Closure,,
FSD,fsd:Submission,FSD-Ontology-2026-Extended-Framework.md,,"```turtle fsd:InformationSink a owl:Class ; rdfs:label ""Information Sink""@en ; rdfs:comment """""" A public body or process that receives a high-information-content submission and produces outputs whose mutual information with that submission approaches zero.",FSD-Ontology-2026.md — Submission,,
FSD,fsd:PublicBody,FSD-Ontology-2026-Extended-Framework.md,,"```turtle fsd:InformationSink a owl:Class ; rdfs:label ""Information Sink""@en ; rdfs:comment """""" A public body or process that receives a high-information-content submission and produces outputs whose mutual information with that submission approaches zero.",FSD-Ontology-2026.md — Public Body,,
FSD,fsd:NullificationLoop,FSD-Ontology-2026-Extended-Framework.md,,The Nullification Loop as a whole constitutes an InformationSink.,FSD-Ontology-2026.md — Nullification Loop,,
FSD,fsd:PublicBody,FSD-Ontology-2026-Extended-Framework.md,,"""""""@en ; rdfs:subClassOf fsd:PublicBody .",FSD-Ontology-2026.md — Public Body,,
FSD,fsd:Submission,FSD-Ontology-2026-Extended-Framework.md,,"fsd:ChannelCorrectionMechanism a owl:Class ; rdfs:label ""Channel Correction Mechanism""@en ; rdfs:comment """""" A legal or institutional mechanism that forces I(Submission; Determination) > 0 by making zero-information output (non- determination) legally consequential.",FSD-Ontology-2026.md — Submission,,
FSD,fsd:Determination,FSD-Ontology-2026-Extended-Framework.md,,"fsd:ChannelCorrectionMechanism a owl:Class ; rdfs:label ""Channel Correction Mechanism""@en ; rdfs:comment """""" A legal or institutional mechanism that forces I(Submission; Determination) > 0 by making zero-information output (non- determination) legally consequential.",FSD-Ontology-2026.md — Determination,,
FSD,fsd:LoopClosure,FSD-Ontology-2026-Extended-Framework.md,,The FSD Act's Part VI loop closure mechanism is a ChannelCorrectionMechanism.,FSD-Ontology-2026.md — Loop Closure,,
FSD,fsd:Submission,FSD-Ontology-2026-Extended-Framework.md,,"fsd:AutopoieticClosure a owl:Class ; rdfs:label ""Autopoietic Closure""@en ; rdfs:comment """""" The Luhmann-theoretic condition in which a public body processes submissions through self-referential operations (acknowledgement, remit displacement, sufficiency assertion) that reproduce the system's own procedures without applying the binary legal code to the submitted material.",FSD-Ontology-2026.md — Submission,,
FSD,fsd:PublicBody,FSD-Ontology-2026-Extended-Framework.md,,"fsd:AutopoieticClosure a owl:Class ; rdfs:label ""Autopoietic Closure""@en ; rdfs:comment """""" The Luhmann-theoretic condition in which a public body processes submissions through self-referential operations (acknowledgement, remit displacement, sufficiency assertion) that reproduce the system's own procedures without applying the binary legal code to the submitted material.",FSD-Ontology-2026.md — Public Body,,
FSD,fsd:RemitDisplacement,FSD-Ontology-2026-Extended-Framework.md,,"fsd:AutopoieticClosure a owl:Class ; rdfs:label ""Autopoietic Closure""@en ; rdfs:comment """""" The Luhmann-theoretic condition in which a public body processes submissions through self-referential operations (acknowledgement, remit displacement, sufficiency assertion) that reproduce the system's own procedures without applying the binary legal code to the submitted material.",FSD-Ontology-2026.md — Remit Displacement,,
FSD,fsd:SufficiencyAssertion,FSD-Ontology-2026-Extended-Framework.md,,"fsd:AutopoieticClosure a owl:Class ; rdfs:label ""Autopoietic Closure""@en ; rdfs:comment """""" The Luhmann-theoretic condition in which a public body processes submissions through self-referential operations (acknowledgement, remit displacement, sufficiency assertion) that reproduce the system's own procedures without applying the binary legal code to the submitted material.",FSD-Ontology-2026.md — Sufficiency Assertion,,
FSD,fsd:NullificationLoop,FSD-Ontology-2026-Extended-Framework.md,,"""""""@en ; rdfs:subClassOf fsd:NullificationLoop .",FSD-Ontology-2026.md — Nullification Loop,,
FSD,fsd:Submission,FSD-Ontology-2026-Extended-Framework.md,,The Irish CA architecture exhibits ViabilityDeficit at S2 (no coordination mechanism between DETE/DFA/DoD) and S4 (system cannot learn from submissions).,FSD-Ontology-2026.md — Submission,,
FSD,fsd:StructuralCondition,FSD-Ontology-2026-Extended-Framework.md,,"""""""@en ; rdfs:subClassOf fsd:StructuralCondition .",FSD-Ontology-2026.md — Structural Condition,,
FSD,fsd:Submission,FSD-Ontology-2026-Extended-Framework.md,,Hart: rule of adjudication inoperative for this submission class.,FSD-Ontology-2026.md — Submission,,
FSD,fsd:StructuralCondition,FSD-Ontology-2026-Extended-Framework.md,,"""""""@en ; rdfs:subClassOf fsd:StructuralCondition .",FSD-Ontology-2026.md — Structural Condition,,
FSD,fsd:NormativeCollapse,FSD-Ontology-2026-Extended-Framework.md,,"""""""@en ; rdfs:subClassOf fsd:NormativeCollapse .",FSD-Ontology-2026.md — Normative Collapse,,
FSD,fsd:Submission,FSD-Ontology-2026-Extended-Framework.md,,``` # Rule 7 — Operative Condition Failure # Where a ViabilityDeficit persists beyond 60 months AND the submission # engages a constitutional right (Art.,FSD-Ontology-2026.md — Submission,,
FSD,fsd:Submission,FSD-Ontology-2026-Extended-Framework.md,,"Submission(?s) ∧ ViabilityDeficit(?vd) ∧ hasStructuralCondition(?s, ?vd) ∧ nonDeterminationPeriodMonths(?s, ?m) ∧ swrlb:greaterThan(?m, 60) ∧ engagesConstitutionalRight(?s, true) → OperativeConditionFailure(?ocf) ∧ hasStructuralCondition(?s, ?ocf)",FSD-Ontology-2026.md — Submission,,
FSD,fsd:Determination,FSD-Ontology-2026-Extended-Framework.md,,"Submission(?s) ∧ ViabilityDeficit(?vd) ∧ hasStructuralCondition(?s, ?vd) ∧ nonDeterminationPeriodMonths(?s, ?m) ∧ swrlb:greaterThan(?m, 60) ∧ engagesConstitutionalRight(?s, true) → OperativeConditionFailure(?ocf) ∧ hasStructuralCondition(?s, ?ocf)",FSD-Ontology-2026.md — Determination,,
FSD,fsd:Determination,FSD-Ontology-2026-Extended-Framework.md,,It is a **constitutional repair mechanism at the operational level**: it reconnects the validity cascade to its terminal point by making terminal failure (non-determination) legally consequential within the existing constitutional order.,FSD-Ontology-2026.md — Determination,,
FSD,fsd:NonDetermination,FSD-Ontology-2026-Extended-Framework.md,,It is a **constitutional repair mechanism at the operational level**: it reconnects the validity cascade to its terminal point by making terminal failure (non-determination) legally consequential within the existing constitutional order.,FSD-Ontology-2026.md — Non-Determination,,
FSD,fsd:Submission,FSD-Ontology-2026-Extended-Framework.md,,"**It resists external perturbation.** New submissions, new complaints, new channels — each is processed by the existing local rules and returned to the attractor.",FSD-Ontology-2026.md — Submission,,
FSD,fsd:Determination,FSD-Ontology-2026-Extended-Framework.md,,A system that has learned to perform the appearance of determination while producing non-determination cannot continue to do so once non-determination is itself a legal trigger.,FSD-Ontology-2026.md — Determination,,
FSD,fsd:NonDetermination,FSD-Ontology-2026-Extended-Framework.md,,A system that has learned to perform the appearance of determination while producing non-determination cannot continue to do so once non-determination is itself a legal trigger.,FSD-Ontology-2026.md — Non-Determination,,
FSD,fsd:Submission,FSD-Ontology-2026-Extended-Framework.md,,"| Dimension | Shannon/Bateson | Luhmann | Beer (VSM) | Forrester | Fuller/Hart | |---|---|---|---|---|---| | **What the Loop is** | Zero-capacity channel | Autopoietic closure | S2/S4 absence | R1 dominant attractor | Criterion 8 violation | | **What the submission is** | High-entropy signal | Legal communication | S1 input requiring S2 | Stock inflow, no outflow | Claim invoking adjudication | | **What non-determination is** | I(X;Y) → 0 | Code-free output | Viability deficit | R1 cycle completion | Rule of adjudication inoperative | | **What the Act does** | Forces I(X;Y) > 0 | Restores binary code | Inserts emergency S3 | Creates B1 balancing loop | Reinstates criterion 8 | | **What ontic collapse is** | Total channel failure | Coupling collapse | S1 beyond S2 reach | R1 with no accessible B1 | Grundnorm cascade terminated | | **Constitutional implication** | Signal unheard | S5 decoupled from S1 | Identity without operation | No restoring mechanism | Operative condition failure | | **Phainocracy** | Structured noise as governance | Code-free system as law | VSM without viable output | R1 without detectable breach | Form without criterion 8 |",FSD-Ontology-2026.md — Submission,,
FSD,fsd:Determination,FSD-Ontology-2026-Extended-Framework.md,,"| Dimension | Shannon/Bateson | Luhmann | Beer (VSM) | Forrester | Fuller/Hart | |---|---|---|---|---|---| | **What the Loop is** | Zero-capacity channel | Autopoietic closure | S2/S4 absence | R1 dominant attractor | Criterion 8 violation | | **What the submission is** | High-entropy signal | Legal communication | S1 input requiring S2 | Stock inflow, no outflow | Claim invoking adjudication | | **What non-determination is** | I(X;Y) → 0 | Code-free output | Viability deficit | R1 cycle completion | Rule of adjudication inoperative | | **What the Act does** | Forces I(X;Y) > 0 | Restores binary code | Inserts emergency S3 | Creates B1 balancing loop | Reinstates criterion 8 | | **What ontic collapse is** | Total channel failure | Coupling collapse | S1 beyond S2 reach | R1 with no accessible B1 | Grundnorm cascade terminated | | **Constitutional implication** | Signal unheard | S5 decoupled from S1 | Identity without operation | No restoring mechanism | Operative condition failure | | **Phainocracy** | Structured noise as governance | Code-free system as law | VSM without viable output | R1 without detectable breach | Form without criterion 8 |",FSD-Ontology-2026.md — Determination,,
FSD,fsd:NonDetermination,FSD-Ontology-2026-Extended-Framework.md,,"| Dimension | Shannon/Bateson | Luhmann | Beer (VSM) | Forrester | Fuller/Hart | |---|---|---|---|---|---| | **What the Loop is** | Zero-capacity channel | Autopoietic closure | S2/S4 absence | R1 dominant attractor | Criterion 8 violation | | **What the submission is** | High-entropy signal | Legal communication | S1 input requiring S2 | Stock inflow, no outflow | Claim invoking adjudication | | **What non-determination is** | I(X;Y) → 0 | Code-free output | Viability deficit | R1 cycle completion | Rule of adjudication inoperative | | **What the Act does** | Forces I(X;Y) > 0 | Restores binary code | Inserts emergency S3 | Creates B1 balancing loop | Reinstates criterion 8 | | **What ontic collapse is** | Total channel failure | Coupling collapse | S1 beyond S2 reach | R1 with no accessible B1 | Grundnorm cascade terminated | | **Constitutional implication** | Signal unheard | S5 decoupled from S1 | Identity without operation | No restoring mechanism | Operative condition failure | | **Phainocracy** | Structured noise as governance | Code-free system as law | VSM without viable output | R1 without detectable breach | Form without criterion 8 |",FSD-Ontology-2026.md — Non-Determination,,
FSD,fsd:OnticCollapse,FSD-Ontology-2026-Extended-Framework.md,,"| Dimension | Shannon/Bateson | Luhmann | Beer (VSM) | Forrester | Fuller/Hart | |---|---|---|---|---|---| | **What the Loop is** | Zero-capacity channel | Autopoietic closure | S2/S4 absence | R1 dominant attractor | Criterion 8 violation | | **What the submission is** | High-entropy signal | Legal communication | S1 input requiring S2 | Stock inflow, no outflow | Claim invoking adjudication | | **What non-determination is** | I(X;Y) → 0 | Code-free output | Viability deficit | R1 cycle completion | Rule of adjudication inoperative | | **What the Act does** | Forces I(X;Y) > 0 | Restores binary code | Inserts emergency S3 | Creates B1 balancing loop | Reinstates criterion 8 | | **What ontic collapse is** | Total channel failure | Coupling collapse | S1 beyond S2 reach | R1 with no accessible B1 | Grundnorm cascade terminated | | **Constitutional implication** | Signal unheard | S5 decoupled from S1 | Identity without operation | No restoring mechanism | Operative condition failure | | **Phainocracy** | Structured noise as governance | Code-free system as law | VSM without viable output | R1 without detectable breach | Form without criterion 8 |",FSD-Ontology-2026.md — Ontic Collapse,,
FSD,fsd:CompetentAuthority,Interregnum-nullificans-v13.md,,"*Constitutional Contumacy, Competent Authority Fragmentation, and the 2026 Council Presidency*",FSD-Ontology-2026.md — Competent Authority,,
FSD,fsd:Submission,Interregnum-nullificans-v13.md,,"------------------------------------------------------------------------------------------- **Version:** 13 — September 5th, 2026 (Original Submission April 27th, 2026) ————————-- —————————————————————- **Submitted by:** The Meinhardt Initiative",FSD-Ontology-2026.md — Submission,,
FSD,fsd:Ombudsman,Interregnum-nullificans-v13.md,,**Ombudsman Complaint:** OMB-260331-CSD014,FSD-Ontology-2026.md — Ombudsman,,
FSD,fsd:Ombudsman,Interregnum-nullificans-v13.md,,"**Transmitted to:** Seanad Select Committee on EU Scrutiny and Transparency; European Parliament Committee on Petitions (PETI); Office of the European Ombudsman (Article 228 TFEU); DG Competitiveness and Trade, General Secretariat of the Council; Commissioner Michael McGrath (Democracy, Justice, Rule of Law and Consumer Protection); Commissioner Maroš Šefčovič (Trade and Economic Security); Registry of the Court of Justice of the European Union",FSD-Ontology-2026.md — Ombudsman,,
FSD,fsd:CompetentAuthority,Interregnum-nullificans-v13.md,,"This document records a statutory obligation under EU Regulation 2021/821 (the recast Dual-Use Regulation) that has not been discharged across nineteen years, spanning five governments, six Taoisigh, and two successive national competent authority designations.",FSD-Ontology-2026.md — Competent Authority,,
FSD,fsd:CompetentAuthority,Interregnum-nullificans-v13.md,,"The Department of Foreign Affairs and Trade (DFA) held the national competent authority designation under EU Regulation 428/2009 and subsequently Regulation 2021/821 from 2009 until August 22nd, 2024.",FSD-Ontology-2026.md — Competent Authority,,
FSD,fsd:Determination,Interregnum-nullificans-v13.md,,"Across that full period of designation, it produced **zero evaluations** and **zero statutory determinations**.",FSD-Ontology-2026.md — Determination,,
FSD,fsd:CompetentAuthority,Interregnum-nullificans-v13.md,,"On August 22nd, 2024, the Control of Exports Act 2023 commenced, transferring the competent authority designation to the Department of Enterprise, Trade and Employment (DETE).",FSD-Ontology-2026.md — Competent Authority,,
FSD,fsd:CompetentAuthority,Interregnum-nullificans-v13.md,,The transfer did not produce a modernised competent authority.,FSD-Ontology-2026.md — Competent Authority,,
FSD,fsd:CompetentAuthority,Interregnum-nullificans-v13.md,,"It produced a competent authority function fragmented across three institutions —DETE (licensing), DFA (international regime memberships), and the Department of Defence (security assessment architecture) —with no statutory coordination mechanism between them.",FSD-Ontology-2026.md — Competent Authority,,
FSD,fsd:StructuralCondition,Interregnum-nullificans-v13.md,,The structural conditions documented in this record will enter the Commission\'s formal evaluation record regardless of domestic resolution.,FSD-Ontology-2026.md — Structural Condition,,
FSD,fsd:Determination,Interregnum-nullificans-v13.md,,"It has been handed from minister to minister, from government to government, without a single statutory determination being issued —while material directly relevant to national security has been ignored at every level of the executive and legislature simultaneously.",FSD-Ontology-2026.md — Determination,,
FSD,fsd:CompetentAuthority,Interregnum-nullificans-v13.md,,Competent authority obligation crystallises under EU Dual-Use Reg.,FSD-Ontology-2026.md — Competent Authority,,
FSD,fsd:Submission,Interregnum-nullificans-v13.md,,Taoiseach Cowen's office in receipt of the submission.,FSD-Ontology-2026.md — Submission,,
FSD,fsd:SilenceVeto,Interregnum-nullificans-v13.md,,First documented Silence Veto.,FSD-Ontology-2026.md — Silence Veto,,
FSD,fsd:Submission,Interregnum-nullificans-v13.md,,Cross-departmental character of the submission formally established.,FSD-Ontology-2026.md — Submission,,
FSD,fsd:Submission,Interregnum-nullificans-v13.md,,"Larry Rooney characterised the office as not the first point of contact on international security or operational intelligence, invited submission by email, stalled processing on a credentials condition, and identified no alternative body — while conceding in the same exchange that the Petitioner ""may have information of interest to the State."" No referral issued.",FSD-Ontology-2026.md — Submission,,
FSD,fsd:Determination,Interregnum-nullificans-v13.md,,"Did not progress the outstanding obligation, did not refer the record to DETE, and issued no ministerial determination.** **TRANSFER-WITHOUT-DISCHARGE CONFIRMED.",FSD-Ontology-2026.md — Determination,,
FSD,fsd:Submission,Interregnum-nullificans-v13.md,,submissions of 2006 addressed.,FSD-Ontology-2026.md — Submission,,
FSD,fsd:NullificationLoop,Interregnum-nullificans-v13.md,,"Either the Nullification Loop produced a policy instrument reinventing a capability already in custody since 2006, or the record was knowingly excluded from DTCI's formation.",FSD-Ontology-2026.md — Nullification Loop,,
FSD,fsd:Submission,Interregnum-nullificans-v13.md,,"Operational failure documented in real time, in the same email thread as the submission.",FSD-Ontology-2026.md — Submission,,
FSD,fsd:Ombudsman,Interregnum-nullificans-v13.md,,2026** **Ombudsman Complaint lodged: OMB-260331-CSD014** Complaint documents systematic administrative silence and the McEntee Foreclosure.,FSD-Ontology-2026.md — Ombudsman,,
FSD,fsd:Ombudsman,Interregnum-nullificans-v13.md,,Parallel to Ombudsman complaint under Art.,FSD-Ontology-2026.md — Ombudsman,,
FSD,fsd:Submission,Interregnum-nullificans-v13.md,,"22, 2026** **Formal submission to DG Competitiveness and Trade (Council Secretariat)** Three-institution fragmentation formally placed before the Council Secretariat.",FSD-Ontology-2026.md — Submission,,
FSD,fsd:Submission,Interregnum-nullificans-v13.md,,The Joint Committee on Defence and National Security noted a submission in private session and produced nothing further.,FSD-Ontology-2026.md — Submission,,
FSD,fsd:Submission,Interregnum-nullificans-v13.md,,The Seanad Select Committee refused a submission without statutory basis.,FSD-Ontology-2026.md — Submission,,
FSD,fsd:NullificationLoop,Interregnum-nullificans-v13.md,,The combined operation of these four channels constitutes a **nullification loop**.,FSD-Ontology-2026.md — Nullification Loop,,
FSD,fsd:Determination,Interregnum-nullificans-v13.md,,"27, 2025); Determination of Petition (Dec.",FSD-Ontology-2026.md — Determination,,
FSD,fsd:Submission,Interregnum-nullificans-v13.md,,"12, 2025); consolidating submission to Clerk Farmer (Mar.",FSD-Ontology-2026.md — Submission,,
FSD,fsd:Submission,Interregnum-nullificans-v13.md,,"18, 2025 Submission declined on jurisdiction grounds.",FSD-Ontology-2026.md — Submission,,
FSD,fsd:Submission,Interregnum-nullificans-v13.md,,26 resubmission noted in private session.,FSD-Ontology-2026.md — Submission,,
FSD,fsd:Submission,Interregnum-nullificans-v13.md,,"11--12, 2026 Submission addressing EU Reg.",FSD-Ontology-2026.md — Submission,,
FSD,fsd:Submission,Interregnum-nullificans-v13.md,,"------------------------------------------------------------------------------------------------------------------------------------------------------------------------------------------------------------------------------------------------------------------------------------------------------------------------------------------------------------------------------------------------------------------------------------------------------- **Senator McDowell's observation at the March 3rd sitting is directly operative here: the Cabinet procedure requiring Ministers to warn each other of cross-departmental implications ""is not replicated in the Oireachtas between the various committees.""** *This submission is the notification the Oireachtas has not replicated.",FSD-Ontology-2026.md — Submission,,
FSD,fsd:Submission,Interregnum-nullificans-v13.md,,"Larry Rooney acknowledged that the Petitioner ""may have information of interest to the State,"" invited submission of relevant data by email, then stalled processing on a credentials condition without identifying any alternative body.",FSD-Ontology-2026.md — Submission,,
FSD,fsd:CompetentAuthority,Interregnum-nullificans-v13.md,,"The McEntee Foreclosure of February 4th, 2026 relies on the 2025 conclusion without acknowledging the 2009 contradiction, without reference to Storm Éowyn, without reference to the formal rebuttal of June 3rd, 2025, and without reference to the competent authority obligation.",FSD-Ontology-2026.md — Competent Authority,,
FSD,fsd:CompetentAuthority,Interregnum-nullificans-v13.md,,--------------------------------------------------------------------------------------------------------------------------------------------------------------------------------------------------------------------------------------------------------- **IV.1 —Conflation of Generic Discipline with Specific Corpus** --------------------------------------------------------------------------------------------------------------------------------------------------------------------------------------------------------------------------------------------------------- The competent authority obligation is discharged by evaluating the specific submitted material against the statutory framework.,FSD-Ontology-2026.md — Competent Authority,,
FSD,fsd:Determination,Interregnum-nullificans-v13.md,,The determination she issued relied on conclusions her own department had not defended.,FSD-Ontology-2026.md — Determination,,
FSD,fsd:CompetentAuthority,Interregnum-nullificans-v13.md,,"The Control of Exports Act 2023 commenced on August 22nd, 2024, transferring the national competent authority designation under EU Regulation 2021/821 from the Department of Foreign Affairs and Trade to the Department of Enterprise, Trade and Employment.",FSD-Ontology-2026.md — Competent Authority,,
FSD,fsd:Determination,Interregnum-nullificans-v13.md,,Across that period it produced **zero evaluations** and **zero statutory determinations** on the material formally submitted since May 2006.,FSD-Ontology-2026.md — Determination,,
FSD,fsd:Determination,Interregnum-nullificans-v13.md,,"He did not progress the outstanding obligation, did not refer the unprocessed record to the incoming authority, and issued no ministerial determination.",FSD-Ontology-2026.md — Determination,,
FSD,fsd:SilenceVeto,Interregnum-nullificans-v13.md,,This is the **Silence Veto** applied at the moment of structural transition.,FSD-Ontology-2026.md — Silence Veto,,
FSD,fsd:CompetentAuthority,Interregnum-nullificans-v13.md,,The transfer did not produce a unified competent authority.,FSD-Ontology-2026.md — Competent Authority,,
FSD,fsd:CompetentAuthority,Interregnum-nullificans-v13.md,,It produced a competent authority function distributed across three institutions:,FSD-Ontology-2026.md — Competent Authority,,
FSD,fsd:CompetentAuthority,Interregnum-nullificans-v13.md,,No longer the competent authority.,FSD-Ontology-2026.md — Competent Authority,,
FSD,fsd:Determination,Interregnum-nullificans-v13.md,,None of these three institutions is formally required to consult either of the others before a licensing determination is made.,FSD-Ontology-2026.md — Determination,,
FSD,fsd:Submission,Interregnum-nullificans-v13.md,,submissions of 2006 addressed.,FSD-Ontology-2026.md — Submission,,
FSD,fsd:NullificationLoop,Interregnum-nullificans-v13.md,,"If the DTCI was constituted without knowledge of the record: the Nullification Loop produced a policy instrument that reinvents, at public expense, a capability that has been in institutional custody since 2006.",FSD-Ontology-2026.md — Nullification Loop,,
FSD,fsd:Determination,Interregnum-nullificans-v13.md,,"The CA designation —the statutory authority to evaluate dual-use items and issue determinations under Regulation 2021/821— was transferred to the Department of Enterprise, Trade and Employment on August 22nd, 2024.",FSD-Ontology-2026.md — Determination,,
FSD,fsd:Determination,Interregnum-nullificans-v13.md,,Second: the authority to issue a determination sits with DETE (within Burke's remit).,FSD-Ontology-2026.md — Determination,,
FSD,fsd:Determination,Interregnum-nullificans-v13.md,,"Third: no statutory mechanism requires Burke's department to consult Byrne's remit before issuing a determination, nor Byrne's remit to flag the unperformed obligation to Burke's department.",FSD-Ontology-2026.md — Determination,,
FSD,fsd:Determination,Interregnum-nullificans-v13.md,,"The chain that the Regulation requires —precondition, assessment, determination— is split across two ministers with no bridge.",FSD-Ontology-2026.md — Determination,,
FSD,fsd:Determination,Interregnum-nullificans-v13.md,,2021/821** — Precondition (regime context + security context) + CA authority + determination: three sequential steps **Step 1 sits with Byrne.,FSD-Ontology-2026.md — Determination,,
FSD,fsd:Determination,Interregnum-nullificans-v13.md,,No determination has been issued.** ----------------------------------------------------------------------------------------------------------------------------------------------------------------------------------------------------------------------------------------------------------------------------------------------------------------------------------------------------------------------------------------------------------------------------------------------------------------------------------------,FSD-Ontology-2026.md — Determination,,
FSD,fsd:CompetentAuthority,Interregnum-nullificans-v13.md,,"The question the record poses is direct: across twenty years of engagement with Irish institutions —spanning five governments, six Taoisigh, multiple competent authority designations, two parliamentary terms of EU committee scrutiny, and the full apparatus of ministerial, civil service, and European oversight— where is the cohesive process?",FSD-Ontology-2026.md — Competent Authority,,
FSD,fsd:Submission,Interregnum-nullificans-v13.md,,The Seanad Select Committee refused a submission without a committee vote.,FSD-Ontology-2026.md — Submission,,
FSD,fsd:NullificationLoop,Interregnum-nullificans-v13.md,,"The Burke--Byrne interference, the three-institution CA fragmentation, the transfer-without-discharge, the parliamentary nullification loop —these are not separate failures.",FSD-Ontology-2026.md — Nullification Loop,,
FSD,fsd:Submission,Interregnum-nullificans-v13.md,,"He has been contacted in that capacity on five occasions: November 27th, 2025; February 4th, 2026; February 5th, 2026; April 2026; and the present submission.",FSD-Ontology-2026.md — Submission,,
FSD,fsd:NullificationLoop,Interregnum-nullificans-v13.md,,The same autopoietic condition that has sustained the nullification loop domestically —each system processing communications according to its own internal code without reference to the substantive condition the input describes— here operates at the level of the Commissioner whose portfolio exists to prevent it.,FSD-Ontology-2026.md — Nullification Loop,,
FSD,fsd:Ombudsman,Interregnum-nullificans-v13.md,,"That convergence —of origin, of portfolio, of foreknowledge, and of silence— will be before the European Ombudsman, the PETI Committee, and the Commission's evaluation of Regulation 2021/821 simultaneously.* ------------------------------------------------------------------------------------------------------------------------------------------------------------------------------------------------------------------------------------------------------------------------------------------------------------------------------------------------------------------------------------------------------------------------------------------------------------------------------------------------------------------------------------------------------------------------",FSD-Ontology-2026.md — Ombudsman,,
FSD,fsd:Ombudsman,Interregnum-nullificans-v13.md,,"The Ombudsman complaint, the parliamentary committee declinations, the Clerk's Section 8(3) determination of September 10th, 2025 —these are not failures of the individuals involved.",FSD-Ontology-2026.md — Ombudsman,,
FSD,fsd:Determination,Interregnum-nullificans-v13.md,,"The Ombudsman complaint, the parliamentary committee declinations, the Clerk's Section 8(3) determination of September 10th, 2025 —these are not failures of the individuals involved.",FSD-Ontology-2026.md — Determination,,
FSD,fsd:Ombudsman,Interregnum-nullificans-v13.md,,"Each domestic oversight body —the Ombudsman, the committee clerks, the Cathaoirligh— processes the complaint according to its own code: jurisdiction, standing, time limits, admissibility.",FSD-Ontology-2026.md — Ombudsman,,
FSD,fsd:Determination,Interregnum-nullificans-v13.md,,The system produces a determination that is internally valid.,FSD-Ontology-2026.md — Determination,,
FSD,fsd:NullificationLoop,Interregnum-nullificans-v13.md,,"The result is a **nullification loop** that is self-sustaining, personnel-independent, and formally valid at every stage.",FSD-Ontology-2026.md — Nullification Loop,,
FSD,fsd:Ombudsman,Interregnum-nullificans-v13.md,,"The European Ombudsman, the CJEU, and the PETI Committee operate at the same systemic level.",FSD-Ontology-2026.md — Ombudsman,,
FSD,fsd:Determination,Interregnum-nullificans-v13.md,,The transfer to DETE occurred without ministerial determination.,FSD-Ontology-2026.md — Determination,,
FSD,fsd:Determination,Interregnum-nullificans-v13.md,,"**Ethics in Public Office Act 1995, S.8(3)** Clerk determines if complaint is sustainable Frivolous-and-vexatious determinations issued simultaneously by both Houses on Sep.",FSD-Ontology-2026.md — Determination,,
FSD,fsd:Submission,Interregnum-nullificans-v13.md,,"**Oireachtas Act 2013 S.8** Committee determinations must be made by the committee as a body Seanad Select Committee Secretariat closed a submission without a committee vote, without a Standing Order, without statutory basis.",FSD-Ontology-2026.md — Submission,,
FSD,fsd:Determination,Interregnum-nullificans-v13.md,,"**Oireachtas Act 2013 S.8** Committee determinations must be made by the committee as a body Seanad Select Committee Secretariat closed a submission without a committee vote, without a Standing Order, without statutory basis.",FSD-Ontology-2026.md — Determination,,
FSD,fsd:Determination,Interregnum-nullificans-v13.md,,"2021/821 (Dual-Use)** Member states must designate CA; evaluate dual-use items; issue statutory determination DFA held designation 2009--2024: zero evaluations, zero determinations.",FSD-Ontology-2026.md — Determination,,
FSD,fsd:Determination,Interregnum-nullificans-v13.md,,Bilateral same-day determinations without review.,FSD-Ontology-2026.md — Determination,,
FSD,fsd:Determination,Interregnum-nullificans-v13.md,,19 years without determination.,FSD-Ontology-2026.md — Determination,,
FSD,fsd:NullificationLoop,Interregnum-nullificans-v13.md,,Nullification Loop confirmed.,FSD-Ontology-2026.md — Nullification Loop,,
FSD,fsd:Determination,Interregnum-nullificans-v13.md,,Nineteen years without determination is not consistent with legal certainty.,FSD-Ontology-2026.md — Determination,,
FSD,fsd:Submission,Interregnum-nullificans-v13.md,,"**2006:** acknowledged State interest, invited submission, stalled processing on credentials, identified no alternative body — thread terminated without destination.",FSD-Ontology-2026.md — Submission,,
FSD,fsd:Submission,Interregnum-nullificans-v13.md,,Submission names Article 2 TEU breach as live characterisation.,FSD-Ontology-2026.md — Submission,,
FSD,fsd:CompetentAuthority,Interregnum-nullificans-v13.md,,**The former competent authority under EU Regulation 2021/821 cannot be reached through any standard public mechanism.** ----------------------------------------------------------------------------------------------------------------------------------------------------------------------------------------------------------------------------------------------------------------------------------------------------------------------------------------------------------------,FSD-Ontology-2026.md — Competent Authority,,
FSD,fsd:Ombudsman,Interregnum-nullificans-v13.md,,"It is publicly indexed at **dr-crunch.github.io/nullification-loops**, available in 14 EU languages, and transmitted to: PETI (Article 227 TFEU, pending), the European Ombudsman (Article 228 TFEU, reference OMB-260331-CSD014), Commissioner McGrath's office, Commissioner Šefčovič's office, DG Competitiveness and Trade (Council Secretariat), and the Registry of the Court of Justice of the European Union.",FSD-Ontology-2026.md — Ombudsman,,
FSD,fsd:CompetentAuthority,Interregnum-nullificans-v13.md,,The primary application seeks certiorari of the McEntee Foreclosure on three independent irrationality grounds and mandamus compelling the performance of the competent authority evaluation obligation.,FSD-Ontology-2026.md — Competent Authority,,
FSD,fsd:CompetentAuthority,Interregnum-nullificans-v13.md,,----------------------------------------------------------------------------------------------------------------------------------------------------------------------------------------------------------------------------------------------------------------------------------------------------------------------------------------------------------------- **First** Ireland's designated competent authority under EU Regulation 2021/821 produced zero determinations in eighteen years.,FSD-Ontology-2026.md — Competent Authority,,
FSD,fsd:Determination,Interregnum-nullificans-v13.md,,----------------------------------------------------------------------------------------------------------------------------------------------------------------------------------------------------------------------------------------------------------------------------------------------------------------------------------------------------------------- **First** Ireland's designated competent authority under EU Regulation 2021/821 produced zero determinations in eighteen years.,FSD-Ontology-2026.md — Determination,,
FSD,fsd:Submission,Interregnum-nullificans-v13.md,,"---------------------------------------------------------------------------------------------------------------------------------------------------------------------------------------------------------------------------------------------------------------------------------------------------------------------------------------------------------------------------------------------------------------------------------------------- **Third** Ireland assumes the Council Presidency on July 1st, 2026, chairing proceedings on dual-use technology controls —the precise domain in which the compliance failure documented in this submission is located.",FSD-Ontology-2026.md — Submission,,
FSD,fsd:CompetentAuthority,Interregnum-nullificans-v13.md,,---------------------------------------------------------------------------------------------------------------------------------------------------------------------------------------------------------------------------------------------------------------------------------------------------------------------------------------------------------------------------------------------------------------------------------------------------------------------------------------------------------------------------------------------------------------------------------------------------------------------------------------------- *A designated EU competent authority produced zero determinations across eighteen years.,FSD-Ontology-2026.md — Competent Authority,,
FSD,fsd:Determination,Interregnum-nullificans-v13.md,,---------------------------------------------------------------------------------------------------------------------------------------------------------------------------------------------------------------------------------------------------------------------------------------------------------------------------------------------------------------------------------------------------------------------------------------------------------------------------------------------------------------------------------------------------------------------------------------------------------------------------------------------- *A designated EU competent authority produced zero determinations across eighteen years.,FSD-Ontology-2026.md — Determination,,
FSD,fsd:Submission,Interregnum-nullificans-v13.md,,**2** **National Delegate —Ireland (COMPET Working Party)** Irish official attending the same working party; feeds instructions back to Dublin and shapes the national position in real time Often more accessible than ministerial principals and more responsive to structured external submissions.,FSD-Ontology-2026.md — Submission,,
FSD,fsd:Submission,Interregnum-nullificans-v13.md,,A submission delivered at working party level carries formal record status without requiring ministerial clearance.,FSD-Ontology-2026.md — Submission,,
FSD,fsd:Submission,Interregnum-nullificans-v13.md,,**3** **Irish Permanent Representative to the EU (COREPER II)** Ambassador-level; sits in COREPER II which prepares the relevant Council configurations The compliance record documented in this submission is directly within COREPER's preparation remit for the dual-use dossier.,FSD-Ontology-2026.md — Submission,,
FSD,fsd:Submission,Interregnum-nullificans-v13.md,,"Direct submission at this level places the compliance record in the EP's formal dossier, not merely in correspondence.",FSD-Ontology-2026.md — Submission,,
FSD,fsd:Submission,Interregnum-nullificans-v13.md,,Submission directly to the responsible desk officer ensures the compliance record enters the evaluation dossier at the technical level where it will be processed.,FSD-Ontology-2026.md — Submission,,
FSD,fsd:Submission,Interregnum-nullificans-v13.md,,The Nullification Loop documented in Sections I--X has operated domestically because each system processed the submission according to its own procedural code rather than its substantive content.,FSD-Ontology-2026.md — Submission,,
FSD,fsd:NullificationLoop,Interregnum-nullificans-v13.md,,The Nullification Loop documented in Sections I--X has operated domestically because each system processed the submission according to its own procedural code rather than its substantive content.,FSD-Ontology-2026.md — Nullification Loop,,
FSD,fsd:Submission,ai-office-parallel-argument-v2.md,,"*Support material for submission to:* *Joint Committee on Enterprise, Tourism and Employment* *Joint Committee on European Union Affairs* *Joint Committee on Public Petitions and the Ombudsmen / Office of the Ombudsman*",FSD-Ontology-2026.md — Submission,,
FSD,fsd:Ombudsman,ai-office-parallel-argument-v2.md,,"*Support material for submission to:* *Joint Committee on Enterprise, Tourism and Employment* *Joint Committee on European Union Affairs* *Joint Committee on Public Petitions and the Ombudsmen / Office of the Ombudsman*",FSD-Ontology-2026.md — Ombudsman,,
FSD,fsd:CompetentAuthority,ai-office-parallel-argument-v2.md,,"The Department of Enterprise, Trade and Employment assumed the competent authority designation under Regulation (EU) 2021/821 on 22 August 2024.",FSD-Ontology-2026.md — Competent Authority,,
FSD,fsd:Determination,ai-office-parallel-argument-v2.md,,"That designation carries a continuing statutory and administrative responsibility: the CA must assess formally submitted material with dual-use characteristics, within statutory timeframes, and produce a reasoned determination.",FSD-Ontology-2026.md — Determination,,
FSD,fsd:Determination,ai-office-parallel-argument-v2.md,,"It has received no statutory determination in nineteen years — first under the Department of Foreign Affairs, and now, by transfer-without-discharge, as an unresolved inherited obligation of DETE.",FSD-Ontology-2026.md — Determination,,
FSD,fsd:CompetentAuthority,ai-office-parallel-argument-v2.md,,DETE assumed the competent authority designation on 22 August 2024.,FSD-Ontology-2026.md — Competent Authority,,
FSD,fsd:Determination,ai-office-parallel-argument-v2.md,,"Under Articles 9(2), 12, and 14 of the Regulation, the designated CA is required to maintain and exercise the capacity to assess formally submitted dual-use material, to make determinations within statutory timeframes, and to notify those determinations with reasons.",FSD-Ontology-2026.md — Determination,,
FSD,fsd:Submission,ai-office-parallel-argument-v2.md,,If the record was not disclosed: DFA retains the historical obligation; DETE inherited the CA designation without institutional memory of the outstanding submission; and the transfer produced a structural vacancy — a CA with designation but without the accumulated obligation it was supposed to carry.,FSD-Ontology-2026.md — Submission,,
FSD,fsd:Determination,ai-office-parallel-argument-v2.md,,The remedy is a directed audit of the DFA–DETE transfer record and a determination that closes the nineteen-year gap.,FSD-Ontology-2026.md — Determination,,
FSD,fsd:Submission,ai-office-parallel-argument-v2.md,,If the record was disclosed: DETE holds a nineteen-year-old unresolved submission for which the twelve-month determination clock under Article 12 expired in 2007.,FSD-Ontology-2026.md — Submission,,
FSD,fsd:Determination,ai-office-parallel-argument-v2.md,,If the record was disclosed: DETE holds a nineteen-year-old unresolved submission for which the twelve-month determination clock under Article 12 expired in 2007.,FSD-Ontology-2026.md — Determination,,
FSD,fsd:Determination,ai-office-parallel-argument-v2.md,,The COMPET formation — within which Regulation (EU) 2021/821 sits at the Council–Parliament interface — is presided over by Irish officials whose Government has a zero-determination record under that Regulation across the full duration of its predecessor and recast instruments.,FSD-Ontology-2026.md — Determination,,
FSD,fsd:CompetentAuthority,ai-office-parallel-argument-v2.md,,It will examine whether Ireland's CA architecture constitutes a functioning competent authority.,FSD-Ontology-2026.md — Competent Authority,,
FSD,fsd:Submission,ai-office-parallel-argument-v2.md,,"On the record as it stands — designation transferred without audit, outstanding submission undisclosed, three-body fragmentation with no coordination mechanism — Ireland will enter that evaluation as the Presidency state while the Commission assesses whether its own CA function is operational.",FSD-Ontology-2026.md — Submission,,
FSD,fsd:Ombudsman,ai-office-parallel-argument-v2.md,,## Question 3 — Joint Committee on Public Petitions and the Ombudsmen / Office of the Ombudsman,FSD-Ontology-2026.md — Ombudsman,,
FSD,fsd:Determination,ai-office-parallel-argument-v2.md,,It produced no determination on the submitted OR corpus across that period.,FSD-Ontology-2026.md — Determination,,
FSD,fsd:Determination,ai-office-parallel-argument-v2.md,,"The Oireachtas committee system, across seven committees formally addressed between September 2025 and March 2026, produced five formal declinations, one informal acknowledgement without determination, and eighteen documented silences in the committee charged specifically with oversight of the petition mechanism.",FSD-Ontology-2026.md — Determination,,
FSD,fsd:Ombudsman,ai-office-parallel-argument-v2.md,,The Ombudsman complaint (OMB-260331-CSD014) is active.,FSD-Ontology-2026.md — Ombudsman,,
FSD,fsd:Ombudsman,ai-office-parallel-argument-v2.md,,"The question for this Committee and for the Ombudsman is structural, not personal.",FSD-Ontology-2026.md — Ombudsman,,
FSD,fsd:RemitDisplacement,ai-office-parallel-argument-v2.md,,"The pattern — remit displacement, acknowledgement-as-closure, deferral without destination, sufficiency assertion, record suppression, abandonment-without-referral — is the architecture of a system that has configured itself to avoid the corrective decision.",FSD-Ontology-2026.md — Remit Displacement,,
FSD,fsd:SufficiencyAssertion,ai-office-parallel-argument-v2.md,,"The pattern — remit displacement, acknowledgement-as-closure, deferral without destination, sufficiency assertion, record suppression, abandonment-without-referral — is the architecture of a system that has configured itself to avoid the corrective decision.",FSD-Ontology-2026.md — Sufficiency Assertion,,
FSD,fsd:Submission,ai-office-parallel-argument-v2.md,,"The Qualifying Submissions (Duty to Determine) Bill 2026, currently in preparation, addresses that architecture prospectively.",FSD-Ontology-2026.md — Submission,,
FSD,fsd:Ombudsman,ai-office-parallel-argument-v2.md,,The Ombudsman's mandate — investigation of maladministration in public bodies — is the residual accountability mechanism the ordinary executive channels have not engaged.,FSD-Ontology-2026.md — Ombudsman,,
FSD,fsd:Ombudsman,ai-office-parallel-argument-v2.md,,The Ombudsman complaint names the DFA as primary respondent.,FSD-Ontology-2026.md — Ombudsman,,
FSD,fsd:Ombudsman,ai-office-parallel-argument-v2.md,,"That is a distinct maladministration category, and one the Ombudsman is specifically empowered to investigate.",FSD-Ontology-2026.md — Ombudsman,,
FSD,fsd:Determination,ai-office-parallel-argument-v2.md,,The public petitions route cannot substitute for a determination — as the Duty to Determine Bill's section 13 makes explicit and as the JCPP's own eighteen silences have demonstrated in practice.,FSD-Ontology-2026.md — Determination,,
FSD,fsd:Ombudsman,ai-office-parallel-argument-v2.md,,"What this Committee can do, and what the Ombudsman can do, is name the structural condition on the record: not as an accusation against any individual committee or officer, but as the documented output of an architecture that requires a remedy no single body in the current configuration is empowered to supply on its own.",FSD-Ontology-2026.md — Ombudsman,,
FSD,fsd:StructuralCondition,ai-office-parallel-argument-v2.md,,"What this Committee can do, and what the Ombudsman can do, is name the structural condition on the record: not as an accusation against any individual committee or officer, but as the documented output of an architecture that requires a remedy no single body in the current configuration is empowered to supply on its own.",FSD-Ontology-2026.md — Structural Condition,,
FSD,fsd:CompetentAuthority,ai-office-parallel-argument-v2.md,,A competent authority that cannot independently discharge those obligations will rely on developer documentation: the analytical capture dynamic documented in Gatekeeping Brief §IV.,FSD-Ontology-2026.md — Competent Authority,,
FSD,fsd:Determination,ai-office-parallel-argument-v2.md,,"Ireland's AI Office was established into a state apparatus that has configured itself, across nineteen years of non-determination, to avoid engaging OR on its merits.",FSD-Ontology-2026.md — Determination,,
FSD,fsd:NonDetermination,ai-office-parallel-argument-v2.md,,"Ireland's AI Office was established into a state apparatus that has configured itself, across nineteen years of non-determination, to avoid engaging OR on its merits.",FSD-Ontology-2026.md — Non-Determination,,
FSD,fsd:SufficiencyAssertion,ai-office-parallel-argument-v2.md,,"The exclusion was procedural: each sufficiency assertion, each remit declination, each transfer without discharge, accumulated into a condition in which OR methodology is absent from the Irish public sector not because it was found unsuitable but because it was never evaluated.",FSD-Ontology-2026.md — Sufficiency Assertion,,
FSD,fsd:Determination,ai-office-parallel-argument-v2.md,,"The barrier is institutional, not technical, and it is the direct output of the non-determination documented in this record.",FSD-Ontology-2026.md — Determination,,
FSD,fsd:NonDetermination,ai-office-parallel-argument-v2.md,,"The barrier is institutional, not technical, and it is the direct output of the non-determination documented in this record.",FSD-Ontology-2026.md — Non-Determination,,
FSD,fsd:Ombudsman,ai-office-parallel-argument-v2.md,,For the Petitions Committee and the Ombudsman: this is the downstream harm the administrative failure has produced.,FSD-Ontology-2026.md — Ombudsman,,
FSD,fsd:Determination,ai-office-parallel-argument-v2.md,,"The structural absence of OR in Irish public administration is the aggregate consequence of nineteen years of non-determination applied, by institutional momentum, to an entire discipline.",FSD-Ontology-2026.md — Determination,,
FSD,fsd:NonDetermination,ai-office-parallel-argument-v2.md,,"The structural absence of OR in Irish public administration is the aggregate consequence of nineteen years of non-determination applied, by institutional momentum, to an entire discipline.",FSD-Ontology-2026.md — Non-Determination,,
FSD,fsd:Ombudsman,ai-office-parallel-argument-v2.md,,The Ombudsman complaint documents the instance.,FSD-Ontology-2026.md — Ombudsman,,
FSD,fsd:Ombudsman,copilot-corpus-selection.md,,"- **Institutional actors:** Minister Peter Burke and the Department of Enterprise, Tourism and Employment; Minister of State Niamh Smyth; Department of Foreign Affairs; Department of Defence; Office of Emergency Planning; European Commission; Ombudsman; relevant Oireachtas committees.",FSD-Ontology-2026.md — Ombudsman,,
FSD,fsd:Determination,copilot-corpus-selection.md,,"- **Why analytically useful:** It directly presents requests for determinations, identifies alleged referrals and non-decisions, and contrasts the Department's stated institutional arrangements with the functions the writer says they produce.",FSD-Ontology-2026.md — Determination,,
FSD,fsd:Submission,copilot-corpus-selection.md,,- **Document type:** Versioned statement of record / institutional submission.,FSD-Ontology-2026.md — Submission,,
FSD,fsd:Submission,copilot-corpus-selection.md,,- **Date:** Version 13 dated 5 September 2026; original submission dated 27 April 2026.,FSD-Ontology-2026.md — Submission,,
FSD,fsd:Ombudsman,copilot-corpus-selection.md,,"- **Institutional actors:** The Meinhardt Initiative; Department of Foreign Affairs; Department of Enterprise, Trade and Employment; Department of Defence; Office of Emergency Planning; Department of the Taoiseach; ministers, Oireachtas committees, Ombudsman, European Commission, and EU bodies.",FSD-Ontology-2026.md — Ombudsman,,
FSD,fsd:Ombudsman,copilot-corpus-selection.md,,"- **Institutional actors:** Department of Enterprise, Trade and Employment; Department of Foreign Affairs; Department of Defence; AI Office; Joint Committees on Enterprise, European Union Affairs, and Public Petitions/Ombudsmen; Ombudsman; Commission.",FSD-Ontology-2026.md — Ombudsman,,
FSD,fsd:Ombudsman,copilot-corpus-selection.md,,- **Institutional actors:** The Meinhardt Initiative; public bodies; Ombudsman; High Court; Oireachtas; proposed independent technical auditors; committees and petition mechanisms.,FSD-Ontology-2026.md — Ombudsman,,
FSD,fsd:IndependentAuditor,copilot-corpus-selection.md,,- **Institutional actors:** The Meinhardt Initiative; public bodies; Ombudsman; High Court; Oireachtas; proposed independent technical auditors; committees and petition mechanisms.,FSD-Ontology-2026.md — Independent Technical Auditor,,
FSD,fsd:TechnicalAudit,copilot-corpus-selection.md,,- **Institutional actors:** The Meinhardt Initiative; public bodies; Ombudsman; High Court; Oireachtas; proposed independent technical auditors; committees and petition mechanisms.,FSD-Ontology-2026.md — Independent Technical Audit,,
FSD,fsd:RemitDisplacement,copilot-corpus-selection.md,,"- **Why analytically useful:** It explicitly translates alleged administrative behaviours into proposed legal categories such as “silence,” “remit displacement,” “administrative amnesia,” and “loop condition.” This makes it valuable for studying how observed or alleged conduct is re-signified into legislative concepts, while requiring careful separation between the document's proposed framework and verified underlying events.",FSD-Ontology-2026.md — Remit Displacement,,
FSD,fsd:AdministrativeAmnesia,copilot-corpus-selection.md,,"- **Why analytically useful:** It explicitly translates alleged administrative behaviours into proposed legal categories such as “silence,” “remit displacement,” “administrative amnesia,” and “loop condition.” This makes it valuable for studying how observed or alleged conduct is re-signified into legislative concepts, while requiring careful separation between the document's proposed framework and verified underlying events.",FSD-Ontology-2026.md — Administrative Amnesia,,
FSD,fsd:LoopCondition,copilot-corpus-selection.md,,"- **Why analytically useful:** It explicitly translates alleged administrative behaviours into proposed legal categories such as “silence,” “remit displacement,” “administrative amnesia,” and “loop condition.” This makes it valuable for studying how observed or alleged conduct is re-signified into legislative concepts, while requiring careful separation between the document's proposed framework and verified underlying events.",FSD-Ontology-2026.md — Loop Condition,,
FSD,fsd:Ombudsman,copilot-corpus-selection.md,,"- **Institutional actors:** The proposed Bill's drafters; Irish public bodies and competent authorities; EU institutions and legal instruments, including the AI Act and Dual-Use Regulation; Ombudsman and High Court.",FSD-Ontology-2026.md — Ombudsman,,
FSD,fsd:StructuralDisplacement,copilot-corpus-selection.md,,"It is particularly suitable for examining how authority, obligation, “procedural closure,” and “structural displacement” are constructed, while treating its legal mappings as claims requiring independent verification rather than as documentary facts.",FSD-Ontology-2026.md — Structural Displacement,,
FSD,fsd:Submission,feasible-region.html,,The submission is still waiting.,FSD-Ontology-2026.md — Submission,,
FSD,fsd:Submission,feasible-region.html,,This page is a constitutional analysis of how that is possible — using the same analytical tools that should have been applied to the submission in the first place.,FSD-Ontology-2026.md — Submission,,
FSD,fsd:Determination,feasible-region.html,,Capital Who holds the determination.,FSD-Ontology-2026.md — Determination,,
FSD,fsd:CompetentAuthority,feasible-region.html,,The competent authority designation under Reg.,FSD-Ontology-2026.md — Competent Authority,,
FSD,fsd:Submission,feasible-region.html,,Transferred to DETE on 22 August 2024 without any public record of the unprocessed submission history being disclosed to the receiving authority.,FSD-Ontology-2026.md — Submission,,
FSD,fsd:NullificationLoop,feasible-region.html,,Judicial review is the constraint the Nullification Loop cannot absorb.,FSD-Ontology-2026.md — Nullification Loop,,
FSD,fsd:NullificationLoop,feasible-region.html,,The Nullification Loop operates in the gap the text does not name — a gap of a specific kind.,FSD-Ontology-2026.md — Nullification Loop,,
FSD,fsd:NullificationLoop,feasible-region.html,,Nullification Loop — gap between nominal authority and actual evaluation,FSD-Ontology-2026.md — Nullification Loop,,
FSD,fsd:Ombudsman,feasible-region.html,,OMBUDSMAN,FSD-Ontology-2026.md — Ombudsman,,
FSD,fsd:LoopClosure,feasible-region.html,,LOOP CLOSURE,FSD-Ontology-2026.md — Loop Closure,,
FSD,fsd:Ombudsman,feasible-region.html,,meta-level exit (Ombudsman / High Court / EU institution),FSD-Ontology-2026.md — Ombudsman,,
FSD,fsd:Submission,feasible-region.html,,The Constitution distributes public authority across three pools and is silent on what happens when a cross-departmental submission falls between them.,FSD-Ontology-2026.md — Submission,,
FSD,fsd:CompetentAuthority,feasible-region.html,,"corpus submitted in May 2006 advanced a specific claim: that the designated competent authority was required to evaluate it under EU Regulation 428/2009, subsequently recast as Regulation 2021/821.",FSD-Ontology-2026.md — Competent Authority,,
FSD,fsd:Determination,feasible-region.html,,The DFA held that function for eighteen years without producing a determination.,FSD-Ontology-2026.md — Determination,,
FSD,fsd:Submission,feasible-region.html,,"On 22 August 2024, the Control of Exports Act 2023 transferred the designation to DETE without any public record of the unprocessed submission history being disclosed.",FSD-Ontology-2026.md — Submission,,
FSD,fsd:CompetentAuthority,feasible-region.html,,"The gap between ""competent authority designated"" and ""evaluation produced"" is the space this record inhabits.",FSD-Ontology-2026.md — Competent Authority,,
FSD,fsd:Submission,feasible-region.html,,The submission is still waiting for one.,FSD-Ontology-2026.md — Submission,,
FSD,fsd:Determination,feasible-region.html,,Non-determination Evaluation Acknowledgement,FSD-Ontology-2026.md — Determination,,
FSD,fsd:NonDetermination,feasible-region.html,,Non-determination Evaluation Acknowledgement,FSD-Ontology-2026.md — Non-Determination,,
FSD,fsd:RemitDisplacement,feasible-region.html,,Remit displacement Referral with legal basis Redirection without destination,FSD-Ontology-2026.md — Remit Displacement,,
FSD,fsd:SufficiencyAssertion,feasible-region.html,,Sufficiency assertion Corpus engagement Domain familiarity,FSD-Ontology-2026.md — Sufficiency Assertion,,
FSD,fsd:AdministrativeAmnesia,feasible-region.html,,Administrative amnesia Accumulated record First-encounter processing,FSD-Ontology-2026.md — Administrative Amnesia,,
FSD,fsd:DesignedForgetting,feasible-region.html,,Designed forgetting Retention Deletion post-declination,FSD-Ontology-2026.md — Designed Forgetting,,
FSD,fsd:SufficiencyAssertion,feasible-region.html,,"The sufficiency assertion is that stopping point, formalised.",FSD-Ontology-2026.md — Sufficiency Assertion,,
FSD,fsd:Submission,feasible-region.html,,A submission no single node is under pressure to resolve is not a submission anyone decided to bury.,FSD-Ontology-2026.md — Submission,,
FSD,fsd:CompetentAuthority,feasible-region.html,,"The analysis of the Nullification Loop adds a structural variant: not party discipline but the absence of a coordination mechanism between DFA, DETE, and DOD — three institutions that collectively hold the competent authority function under Regulation 2021/821 with no statutory mechanism requiring integrated assessment between them.",FSD-Ontology-2026.md — Competent Authority,,
FSD,fsd:NullificationLoop,feasible-region.html,,"The analysis of the Nullification Loop adds a structural variant: not party discipline but the absence of a coordination mechanism between DFA, DETE, and DOD — three institutions that collectively hold the competent authority function under Regulation 2021/821 with no statutory mechanism requiring integrated assessment between them.",FSD-Ontology-2026.md — Nullification Loop,,
FSD,fsd:Submission,feasible-region.html,,"The architecture provides no path from ""submission received"" to ""determination issued.""",FSD-Ontology-2026.md — Submission,,
FSD,fsd:Determination,feasible-region.html,,"The architecture provides no path from ""submission received"" to ""determination issued.""",FSD-Ontology-2026.md — Determination,,
FSD,fsd:Submission,feasible-region.html,,"But the deeper problem here is different: after a bureaucratic reorganisation in August 2024, three separate departments now share the legal responsibility for evaluating the submission , and none of them has a statutory obligation to coordinate with the others.",FSD-Ontology-2026.md — Submission,,
FSD,fsd:NullificationLoop,feasible-region.html,,Judicial review is the one instrument the Nullification Loop cannot absorb.,FSD-Ontology-2026.md — Nullification Loop,,
FSD,fsd:CompetentAuthority,feasible-region.html,,"Three independent irrationality grounds arise from the McEntee Foreclosure of 4 February 2026 under O'Keeffe v An Bord Pleanála [1993]: contested, unanswered conclusions cited as settled authority; no reference to Storm Éowyn despite the OEP's finding of adequacy having been written in that emergency's aftermath; no reference to the competent authority obligation or the 226-page formal complaint.",FSD-Ontology-2026.md — Competent Authority,,
FSD,fsd:Ombudsman,feasible-region.html,,European Ombudsman · OMB-260331-CSD014 Active investigation.,FSD-Ontology-2026.md — Ombudsman,,
FSD,fsd:Submission,feasible-region.html,,"Between September 2025 and March 2026, seven contact points formally engaged the JCEUA on a submission naming ten EU-law dimensions.",FSD-Ontology-2026.md — Submission,,
FSD,fsd:Ombudsman,feasible-region.html,,The deletion is before the European Ombudsman as a direct violation of Article 41 CFR — the right of access to one's file.,FSD-Ontology-2026.md — Ombudsman,,
FSD,fsd:Submission,feasible-region.html,,Each time it received a submission engaging EU law.,FSD-Ontology-2026.md — Submission,,
FSD,fsd:Ombudsman,feasible-region.html,,The European Ombudsman is now investigating.,FSD-Ontology-2026.md — Ombudsman,,
FSD,fsd:Ombudsman,feasible-region.html,,"The Irish Ombudsman (OMB-260331-CSD014), the Public Accounts Committee (S-2026-0307), the European Parliament's PETI committee (Article 227 TFEU petition pending), and the CJEU parallel filing are four auxiliary tracks operating simultaneously alongside the High Court preparation.",FSD-Ontology-2026.md — Ombudsman,,
FSD,fsd:Ombudsman,feasible-region.html,,Three can trigger mandatory process: the Ombudsman holds Section 7 powers to extract the DFA internal file; PETI admission triggers mandatory Commission response; Article 26 of Regulation 2021/821 opens a mandatory Commission evaluation on 10 September 2026 regardless of domestic proceedings.,FSD-Ontology-2026.md — Ombudsman,,
FSD,fsd:Ombudsman,feasible-region.html,,The Irish Ombudsman can compel the release of documents.,FSD-Ontology-2026.md — Ombudsman,,
FSD,fsd:Submission,feasible-region.html,,"Five months later, the emergency planning office said it already understood the relevant methods and had no need to evaluate the submission.",FSD-Ontology-2026.md — Submission,,
FSD,fsd:Submission,feasible-region.html,,There is no public record of formal handover documentation for the 2006–2024 unprocessed submission history at the moment the designation transferred.,FSD-Ontology-2026.md — Submission,,
FSD,fsd:Submission,feasible-region.html,,The submission that requires an integrated assessment from all three simultaneously has no architectural path through which that assessment can be assembled.,FSD-Ontology-2026.md — Submission,,
FSD,fsd:Submission,feasible-region.html,,"When the legal responsibility shifted from one department to another in August 2024, there is no public record of the 19-year history — the submissions received, the commitments made, the evaluations not produced — being included in the handover.",FSD-Ontology-2026.md — Submission,,
FSD,fsd:Submission,feasible-region.html,,The Nullification Loop is the additional stable equilibrium the architecture produces when applied to a cross-departmental submission requiring integrated assessment: no single institution holds both the evaluative obligation and the evaluative capacity simultaneously; no feedback loop holds sufficient correction authority; no coordination mechanism exists between the three institutions that collectively hold the function; and the EU exogenous constraint is entering a mandatory evaluation the domestic architecture cannot filter.,FSD-Ontology-2026.md — Submission,,
FSD,fsd:NullificationLoop,feasible-region.html,,The Nullification Loop is the additional stable equilibrium the architecture produces when applied to a cross-departmental submission requiring integrated assessment: no single institution holds both the evaluative obligation and the evaluative capacity simultaneously; no feedback loop holds sufficient correction authority; no coordination mechanism exists between the three institutions that collectively hold the function; and the EU exogenous constraint is entering a mandatory evaluation the domestic architecture cannot filter.,FSD-Ontology-2026.md — Nullification Loop,,
FSD,fsd:Submission,feasible-region.html,,It is the architecture's stable output when applied to exactly the class of problem this submission represents — when no node in the system holds the obligation to recognise that the collective function has not been performed.,FSD-Ontology-2026.md — Submission,,
FSD,fsd:Determination,feasible-region.html,,Its non-production through non-determination is a classic public goods market failure: the cost of evaluation falls on a single submitter; the benefit is non-excludable across the population; no individual node captures enough of the collective benefit to make evaluation individually rational.,FSD-Ontology-2026.md — Determination,,
FSD,fsd:NonDetermination,feasible-region.html,,Its non-production through non-determination is a classic public goods market failure: the cost of evaluation falls on a single submitter; the benefit is non-excludable across the population; no individual node captures enough of the collective benefit to make evaluation individually rational.,FSD-Ontology-2026.md — Non-Determination,,
FSD,fsd:NullificationLoop,feasible-region.html,,The Nullification Loop is the mechanism by which that equilibrium is preserved.,FSD-Ontology-2026.md — Nullification Loop,,
FSD,fsd:Determination,feasible-region.html,,The appropriate corrective is Pigouvian: a statutory instrument that internalises the externality of non-determination into the decision-making calculus of the bodies that produce it.,FSD-Ontology-2026.md — Determination,,
FSD,fsd:NonDetermination,feasible-region.html,,The appropriate corrective is Pigouvian: a statutory instrument that internalises the externality of non-determination into the decision-making calculus of the bodies that produce it.,FSD-Ontology-2026.md — Non-Determination,,
FSD,fsd:CompetentAuthority,feasible-region.html,,"Swap ""competent authority"" for ""field coordinator"" and ""evaluation function"" for ""logistics dispatch"" and the architecture described in §09 is the standard operating condition of humanitarian response: mandate without integrated command, coordination bodies with audit authority but no directive power, and an accountability chain legally fixed on one actor while execution disperses across a dozen.",FSD-Ontology-2026.md — Competent Authority,,
FSD,fsd:Submission,fsd-ontology.html,,Qualifying Submissions (Duty to Determine),FSD-Ontology-2026.md — Submission,,
FSD,fsd:Determination,fsd-ontology.html,,"An ontology mapping the duty of determination, prohibited administrative practices, structural failure conditions, and loop-closure mechanisms to a machine-readable knowledge graph — built for European interoperability.",FSD-Ontology-2026.md — Determination,,
FSD,fsd:Submission,fsd-ontology.html,,4.1 CORE SUBMISSION s.2,FSD-Ontology-2026.md — Submission,,
FSD,fsd:Submission,fsd-ontology.html,,fsd:Submission Aighneacht,FSD-Ontology-2026.md — Submission,,
FSD,fsd:PublicBody,fsd-ontology.html,,"Formal written communication to a public body identifying the submitter, setting out material of potential national utility, inviting determination.",FSD-Ontology-2026.md — Public Body,,
FSD,fsd:Determination,fsd-ontology.html,,"Formal written communication to a public body identifying the submitter, setting out material of potential national utility, inviting determination.",FSD-Ontology-2026.md — Determination,,
FSD,fsd:Submission,fsd-ontology.html,,SubmissionOfNationalUtility,FSD-Ontology-2026.md — Submission,,
FSD,fsd:Submission,fsd-ontology.html,,DualUseSubmission,FSD-Ontology-2026.md — Submission,,
FSD,fsd:Submission,fsd-ontology.html,,HighRiskAISubmission,FSD-Ontology-2026.md — Submission,,
FSD,fsd:Submission,fsd-ontology.html,,TestableSubmission,FSD-Ontology-2026.md — Submission,,
FSD,fsd:SufficiencyAssertion,fsd-ontology.html,,s.5A: no sufficiency assertion available without a prior arranged testing opportunity.,FSD-Ontology-2026.md — Sufficiency Assertion,,
FSD,fsd:PublicBody,fsd-ontology.html,,fsd:PublicBody Comhlacht Poiblí,FSD-Ontology-2026.md — Public Body,,
FSD,fsd:Determination,fsd-ontology.html,,"Any body bearing a determination obligation: ministers, departments, statutory bodies, Oireachtas clerks (Art.15 savings), designated competent authorities.",FSD-Ontology-2026.md — Determination,,
FSD,fsd:Ombudsman,fsd-ontology.html,,Ombudsman,FSD-Ontology-2026.md — Ombudsman,,
FSD,fsd:Determination,fsd-ontology.html,,"Residual determination authority, Part VI.",FSD-Ontology-2026.md — Determination,,
FSD,fsd:LoopCondition,fsd-ontology.html,,"On loop condition: investigate, report, apply to the High Court.",FSD-Ontology-2026.md — Loop Condition,,
FSD,fsd:IndependentAuditor,fsd-ontology.html,,fsd:IndependentAuditor,FSD-Ontology-2026.md — Independent Technical Auditor,,
FSD,fsd:Determination,fsd-ontology.html,,4.3 DETERMINATION s.3,FSD-Ontology-2026.md — Determination,,
FSD,fsd:Determination,fsd-ontology.html,,fsd:Determination Cinneadh,FSD-Ontology-2026.md — Determination,,
FSD,fsd:SufficiencyAssertion,fsd-ontology.html,,"Silence, acknowledgement, sufficiency assertion excluded by s.3(3).",FSD-Ontology-2026.md — Sufficiency Assertion,,
FSD,fsd:Determination,fsd-ontology.html,,owl:disjointWith NonDetermination.,FSD-Ontology-2026.md — Determination,,
FSD,fsd:Determination,fsd-ontology.html,,AcceptanceDetermination,FSD-Ontology-2026.md — Determination,,
FSD,fsd:Submission,fsd-ontology.html,,"Accepts submission, opens statutory evaluation.",FSD-Ontology-2026.md — Submission,,
FSD,fsd:Determination,fsd-ontology.html,,RejectionDetermination,FSD-Ontology-2026.md — Determination,,
FSD,fsd:Determination,fsd-ontology.html,,ReferralDetermination,FSD-Ontology-2026.md — Determination,,
FSD,fsd:Determination,fsd-ontology.html,,fsd:NonDetermination Neamh-Chinneadh,FSD-Ontology-2026.md — Determination,,
FSD,fsd:NonDetermination,fsd-ontology.html,,fsd:NonDetermination Neamh-Chinneadh,FSD-Ontology-2026.md — Non-Determination,,
FSD,fsd:Determination,fsd-ontology.html,,No determination within the s.3(1) period — established regardless of conduct form (silence / ack / sufficiency / amnesia).,FSD-Ontology-2026.md — Determination,,
FSD,fsd:ProhibitedPractice,fsd-ontology.html,,4.4 PROHIBITED PRACTICES Pts II–III,FSD-Ontology-2026.md — Prohibited Practice,,
FSD,fsd:ProhibitedPractice,fsd-ontology.html,,fsd:ProhibitedPractice Cleachtas Toirmiscthe,FSD-Ontology-2026.md — Prohibited Practice,,
FSD,fsd:Determination,fsd-ontology.html,,"Each is categorically wrong, not a lesser determination — none can satisfy the s.3 duty.",FSD-Ontology-2026.md — Determination,,
FSD,fsd:Submission,fsd-ontology.html,,"Successive officers meet the submission as if new — passive reset, no accumulated obligation.",FSD-Ontology-2026.md — Submission,,
FSD,fsd:Determination,fsd-ontology.html,,Active deletion of lodged correspondence without determination/transmission/record.,FSD-Ontology-2026.md — Determination,,
FSD,fsd:Determination,fsd-ontology.html,,"Determination issued by a body lacking CA designation, relying on another non-CA body's conclusions.",FSD-Ontology-2026.md — Determination,,
FSD,fsd:StructuralCondition,fsd-ontology.html,,4.5 STRUCTURAL CONDITIONS s.2A,FSD-Ontology-2026.md — Structural Condition,,
FSD,fsd:StructuralCondition,fsd-ontology.html,,fsd:StructuralCondition Coinníoll Struchtúrach,FSD-Ontology-2026.md — Structural Condition,,
FSD,fsd:Determination,fsd-ontology.html,,"Silence functions as a substantive adverse determination — no notice, hearing, or reasons.",FSD-Ontology-2026.md — Determination,,
FSD,fsd:NullificationLoop,fsd-ontology.html,,fsd:NullificationLoop Lúba Neamhnithe,FSD-Ontology-2026.md — Nullification Loop,,
FSD,fsd:RemitDisplacement,fsd-ontology.html,,"5-stage attractor, personnel-independent: Acknowledgement → Deferral → Remit Displacement → Sufficiency Assertion → Record Suppression.",FSD-Ontology-2026.md — Remit Displacement,,
FSD,fsd:SufficiencyAssertion,fsd-ontology.html,,"5-stage attractor, personnel-independent: Acknowledgement → Deferral → Remit Displacement → Sufficiency Assertion → Record Suppression.",FSD-Ontology-2026.md — Sufficiency Assertion,,
FSD,fsd:Determination,fsd-ontology.html,,Output invariant: no determination.,FSD-Ontology-2026.md — Determination,,
FSD,fsd:LoopCondition,fsd-ontology.html,,fsd:LoopCondition,FSD-Ontology-2026.md — Loop Condition,,
FSD,fsd:Ombudsman,fsd-ontology.html,,Vests the residual obligation in the Ombudsman.,FSD-Ontology-2026.md — Ombudsman,,
FSD,fsd:ResidualObligation,fsd-ontology.html,,fsd:ResidualObligation,FSD-Ontology-2026.md — Residual Determination Obligation,,
FSD,fsd:Ombudsman,fsd-ontology.html,,Ombudsman must: (a) investigate the merits (b) report under s.10C(3)(b) (c) apply to the High Court if undetermined 6 months post-report.,FSD-Ontology-2026.md — Ombudsman,,
FSD,fsd:LoopClosure,fsd-ontology.html,,fsd:LoopClosure,FSD-Ontology-2026.md — Loop Closure,,
FSD,fsd:Determination,fsd-ontology.html,,Ends via: body determination pre-application / High Court order s.10C(7) / ontic-collapse finding.,FSD-Ontology-2026.md — Determination,,
FSD,fsd:TechnicalAudit,fsd-ontology.html,,fsd:TechnicalAudit,FSD-Ontology-2026.md — Independent Technical Audit,,
FSD,fsd:Submission,fsd-ontology.html,,hasSubmitter Submission → foaf:Agent natural / legal person who lodged it,FSD-Ontology-2026.md — Submission,,
FSD,fsd:Submission,fsd-ontology.html,,hasReceivingBody Submission → PublicBody body with which it was lodged,FSD-Ontology-2026.md — Submission,,
FSD,fsd:Submission,fsd-ontology.html,,engagesRegulation Submission → eli:LegalResource EU regulation whose duties are engaged,FSD-Ontology-2026.md — Submission,,
FSD,fsd:Submission,fsd-ontology.html,,hasReceived (inv.) PublicBody → Submission inverse of hasReceivingBody,FSD-Ontology-2026.md — Submission,,
FSD,fsd:Determination,fsd-ontology.html,,hasDetermined PublicBody → Determination determination issued by the body,FSD-Ontology-2026.md — Determination,,
FSD,fsd:Submission,fsd-ontology.html,,"hasStructuralCondition Submission → StructuralCondition identified by Ombudsman, s.10C(3)(b)",FSD-Ontology-2026.md — Submission,,
FSD,fsd:Ombudsman,fsd-ontology.html,,"hasStructuralCondition Submission → StructuralCondition identified by Ombudsman, s.10C(3)(b)",FSD-Ontology-2026.md — Ombudsman,,
FSD,fsd:Ombudsman,fsd-ontology.html,,vestsObligationIn LoopCondition → Ombudsman residual obligation vesting,FSD-Ontology-2026.md — Ombudsman,,
FSD,fsd:Submission,fsd-ontology.html,,hasAudited TechnicalAudit → TestableSubmission —,FSD-Ontology-2026.md — Submission,,
FSD,fsd:Submission,fsd-ontology.html,,submissionDate Submission → xsd:date lodging date,FSD-Ontology-2026.md — Submission,,
FSD,fsd:Submission,fsd-ontology.html,,referenceNumber Submission → xsd:string if assigned on receipt,FSD-Ontology-2026.md — Submission,,
FSD,fsd:Submission,fsd-ontology.html,,"determinationDeadline Submission → xsd:date 12 mo from submissionDate, s.3(1)",FSD-Ontology-2026.md — Submission,,
FSD,fsd:Determination,fsd-ontology.html,,"determinationDeadline Submission → xsd:date 12 mo from submissionDate, s.3(1)",FSD-Ontology-2026.md — Determination,,
FSD,fsd:Determination,fsd-ontology.html,,determinationDate Determination → xsd:date —,FSD-Ontology-2026.md — Determination,,
FSD,fsd:Submission,fsd-ontology.html,,"declinationCount Submission → xsd:nonNegInt ≥3 ⇒ loop condition , s.10B(1)(a)",FSD-Ontology-2026.md — Submission,,
FSD,fsd:LoopCondition,fsd-ontology.html,,"declinationCount Submission → xsd:nonNegInt ≥3 ⇒ loop condition , s.10B(1)(a)",FSD-Ontology-2026.md — Loop Condition,,
FSD,fsd:Submission,fsd-ontology.html,,"nonDeterminationPeriodMonths Submission → xsd:nonNegInt ≥24 ⇒ loop condition , s.10B(1)(b)",FSD-Ontology-2026.md — Submission,,
FSD,fsd:Determination,fsd-ontology.html,,"nonDeterminationPeriodMonths Submission → xsd:nonNegInt ≥24 ⇒ loop condition , s.10B(1)(b)",FSD-Ontology-2026.md — Determination,,
FSD,fsd:LoopCondition,fsd-ontology.html,,"nonDeterminationPeriodMonths Submission → xsd:nonNegInt ≥24 ⇒ loop condition , s.10B(1)(b)",FSD-Ontology-2026.md — Loop Condition,,
FSD,fsd:Submission,fsd-ontology.html,,isDualUse Submission → xsd:boolean Reg.,FSD-Ontology-2026.md — Submission,,
FSD,fsd:Submission,fsd-ontology.html,,isHighRiskAI Submission → xsd:boolean Reg.,FSD-Ontology-2026.md — Submission,,
FSD,fsd:LoopCondition,fsd-ontology.html,,Loop condition logic,FSD-Ontology-2026.md — Loop Condition,,
FSD,fsd:Determination,fsd-ontology.html,,Non-Determination,FSD-Ontology-2026.md — Determination,,
FSD,fsd:NonDetermination,fsd-ontology.html,,Non-Determination,FSD-Ontology-2026.md — Non-Determination,,
FSD,fsd:Determination,fsd-ontology.html,,⇒ NonDetermination(s),FSD-Ontology-2026.md — Determination,,
FSD,fsd:Ombudsman,fsd-ontology.html,,"LoopCondition(lc,s) ∧ Ombudsman(o)",FSD-Ontology-2026.md — Ombudsman,,
FSD,fsd:SufficiencyAssertion,fsd-ontology.html,,Sufficiency Assertion Blocked,FSD-Ontology-2026.md — Sufficiency Assertion,,
FSD,fsd:Submission,fsd-ontology.html,,"TestableSubmission(s) ∧ ¬arrangedTesting(b,s)",FSD-Ontology-2026.md — Submission,,
FSD,fsd:OnticCollapse,fsd-ontology.html,,Ontic Collapse,FSD-Ontology-2026.md — Ontic Collapse,,
FSD,fsd:Submission,fsd-ontology.html,,Submission of National Utility fsd:SubmissionOfNationalUtility lkif:LegalDocument cpv:Evidence eli:LegalResource an:doc,FSD-Ontology-2026.md — Submission,,
FSD,fsd:SubmissionOfNationalUtility,fsd-ontology.html,,Submission of National Utility fsd:SubmissionOfNationalUtility lkif:LegalDocument cpv:Evidence eli:LegalResource an:doc,FSD-Ontology-2026.md — Submission of National Utility,,
FSD,fsd:PublicBody,fsd-ontology.html,,Public Body fsd:PublicBody lkif:PublicBody cpv:PublicOrganisation — an:organization,FSD-Ontology-2026.md — Public Body,,
FSD,fsd:CompetentAuthority,fsd-ontology.html,,Competent Authority fsd:CompetentAuthority lkif:CompetentAuthority cpv:PublicOrganisation — an:organization,FSD-Ontology-2026.md — Competent Authority,,
FSD,fsd:Determination,fsd-ontology.html,,Determination (Accept) fsd:AcceptanceDetermination lkif:Permission cpv:PublicService eli:LegalAct an:decision,FSD-Ontology-2026.md — Determination,,
FSD,fsd:AcceptanceDetermination,fsd-ontology.html,,Determination (Accept) fsd:AcceptanceDetermination lkif:Permission cpv:PublicService eli:LegalAct an:decision,FSD-Ontology-2026.md — Acceptance Determination,,
FSD,fsd:Determination,fsd-ontology.html,,Determination (Reject) fsd:RejectionDetermination lkif:Obligation cpv:PublicService eli:LegalAct an:decision,FSD-Ontology-2026.md — Determination,,
FSD,fsd:RejectionDetermination,fsd-ontology.html,,Determination (Reject) fsd:RejectionDetermination lkif:Obligation cpv:PublicService eli:LegalAct an:decision,FSD-Ontology-2026.md — Rejection Determination,,
FSD,fsd:Determination,fsd-ontology.html,,Determination (Refer) fsd:ReferralDetermination lkif:Obligation cpv:PublicService eli:LegalAct an:decision,FSD-Ontology-2026.md — Determination,,
FSD,fsd:ReferralDetermination,fsd-ontology.html,,Determination (Refer) fsd:ReferralDetermination lkif:Obligation cpv:PublicService eli:LegalAct an:decision,FSD-Ontology-2026.md — Referral Determination,,
FSD,fsd:Determination,fsd-ontology.html,,Non-Determination fsd:NonDetermination lkif:Void — — —,FSD-Ontology-2026.md — Determination,,
FSD,fsd:NonDetermination,fsd-ontology.html,,Non-Determination fsd:NonDetermination lkif:Void — — —,FSD-Ontology-2026.md — Non-Determination,,
FSD,fsd:RemitDisplacement,fsd-ontology.html,,Remit Displacement fsd:RemitDisplacement lkif:Exception — — —,FSD-Ontology-2026.md — Remit Displacement,,
FSD,fsd:SufficiencyAssertion,fsd-ontology.html,,Sufficiency Assertion fsd:SufficiencyAssertion lkif:Exception — — —,FSD-Ontology-2026.md — Sufficiency Assertion,,
FSD,fsd:AdministrativeAmnesia,fsd-ontology.html,,Administrative Amnesia fsd:AdministrativeAmnesia — — — —,FSD-Ontology-2026.md — Administrative Amnesia,,
FSD,fsd:DesignedForgetting,fsd-ontology.html,,Designed Forgetting fsd:DesignedForgetting — — — —,FSD-Ontology-2026.md — Designed Forgetting,,
FSD,fsd:NormativeCollapse,fsd-ontology.html,,Normative Collapse fsd:NormativeCollapse — — — —,FSD-Ontology-2026.md — Normative Collapse,,
FSD,fsd:SilenceVeto,fsd-ontology.html,,Silence Veto fsd:SilenceVeto — — — —,FSD-Ontology-2026.md — Silence Veto,,
FSD,fsd:OnticCollapse,fsd-ontology.html,,Ontic Collapse fsd:OnticCollapse — — — —,FSD-Ontology-2026.md — Ontic Collapse,,
FSD,fsd:LoopCondition,fsd-ontology.html,,Loop Condition fsd:LoopCondition — — — —,FSD-Ontology-2026.md — Loop Condition,,
FSD,fsd:ResidualObligation,fsd-ontology.html,,Residual Obligation fsd:ResidualObligation lkif:Obligation — — —,FSD-Ontology-2026.md — Residual Determination Obligation,,
FSD,fsd:TechnicalAudit,fsd-ontology.html,,Technical Audit fsd:TechnicalAudit lkif:Evaluation cpv:PublicService — an:report,FSD-Ontology-2026.md — Independent Technical Audit,,
FSD,fsd:Determination,fsd-ontology.html,,"LEGAL The duty of determination becomes justiciable across member-state law (CFR Art.41/47, TEU Art.2/4(3)); mapped to machine-readable axioms.",FSD-Ontology-2026.md — Determination,,
FSD,fsd:Ombudsman,fsd-ontology.html,,TECHNICAL OWL 2 DL profile — compatible with Jena / Stardog / GraphDB & SPARQL; integrable with EUR-Lex and Ombudsman case systems.,FSD-Ontology-2026.md — Ombudsman,,
FSD,fsd:Determination,fsd-ontology.html,,Nullification Loop Five-stage administrative attractor producing non-determination regardless of personnel.,FSD-Ontology-2026.md — Determination,,
FSD,fsd:NonDetermination,fsd-ontology.html,,Nullification Loop Five-stage administrative attractor producing non-determination regardless of personnel.,FSD-Ontology-2026.md — Non-Determination,,
FSD,fsd:NullificationLoop,fsd-ontology.html,,Nullification Loop Five-stage administrative attractor producing non-determination regardless of personnel.,FSD-Ontology-2026.md — Nullification Loop,,
FSD,fsd:NormativeCollapse,fsd-ontology.html,,"related → Normative Collapse, Silence Veto",FSD-Ontology-2026.md — Normative Collapse,,
FSD,fsd:SilenceVeto,fsd-ontology.html,,"related → Normative Collapse, Silence Veto",FSD-Ontology-2026.md — Silence Veto,,
FSD,fsd:StructuralCondition,fsd-ontology.html,,"Normative Collapse Structural condition: valid procedural outputs, permanently unmet substantive obligation.",FSD-Ontology-2026.md — Structural Condition,,
FSD,fsd:NormativeCollapse,fsd-ontology.html,,"Normative Collapse Structural condition: valid procedural outputs, permanently unmet substantive obligation.",FSD-Ontology-2026.md — Normative Collapse,,
FSD,fsd:Determination,fsd-ontology.html,,"Silence Veto Procedural silence as substantive adverse determination — no notice, hearing, or reasons.",FSD-Ontology-2026.md — Determination,,
FSD,fsd:SilenceVeto,fsd-ontology.html,,"Silence Veto Procedural silence as substantive adverse determination — no notice, hearing, or reasons.",FSD-Ontology-2026.md — Silence Veto,,
FSD,fsd:StructuralDisplacement,fsd-ontology.html,,Structural Displacement Competence distributed with no institutional subject able to determine.,FSD-Ontology-2026.md — Structural Displacement,,
FSD,fsd:OnticCollapse,fsd-ontology.html,,narrower → Ontic Collapse,FSD-Ontology-2026.md — Ontic Collapse,,
FSD,fsd:Determination,fsd-ontology.html,,Ontic Collapse Acute form: no institutional subject capable of determination exists at all.,FSD-Ontology-2026.md — Determination,,
FSD,fsd:OnticCollapse,fsd-ontology.html,,Ontic Collapse Acute form: no institutional subject capable of determination exists at all.,FSD-Ontology-2026.md — Ontic Collapse,,
FSD,fsd:StructuralDisplacement,fsd-ontology.html,,broader → Structural Displacement,FSD-Ontology-2026.md — Structural Displacement,,
FSD,fsd:Ombudsman,fsd-ontology.html,,"Irish Ombudsman register reserved: fsd:ombudsmanCaseURI — loop closure register, s.10E",FSD-Ontology-2026.md — Ombudsman,,
FSD,fsd:LoopClosure,fsd-ontology.html,,"Irish Ombudsman register reserved: fsd:ombudsmanCaseURI — loop closure register, s.10E",FSD-Ontology-2026.md — Loop Closure,,
FSD,fsd:Ombudsman,fsd-ontology.html,,Pre-enactment status: the ontology is a semantic specification ; the SWRL rules are testable hypotheses ; the SKOS scheme is the canonical vocabulary for PETI / Ombudsman / CJEU filings.,FSD-Ontology-2026.md — Ombudsman,,
FSD,fsd:Determination,fsd-ontology.html,,R1 · Non-Determination Established — submitted Nov 2006; deadline Nov 2007; no determination to date.,FSD-Ontology-2026.md — Determination,,
FSD,fsd:NonDetermination,fsd-ontology.html,,R1 · Non-Determination Established — submitted Nov 2006; deadline Nov 2007; no determination to date.,FSD-Ontology-2026.md — Non-Determination,,
FSD,fsd:Determination,fsd-ontology.html,,R3 · Loop (24-Month) Established — non-determination period ≈ 236 months at date of this document.,FSD-Ontology-2026.md — Determination,,
FSD,fsd:NonDetermination,fsd-ontology.html,,R3 · Loop (24-Month) Established — non-determination period ≈ 236 months at date of this document.,FSD-Ontology-2026.md — Non-Determination,,
FSD,fsd:Ombudsman,fsd-ontology.html,,R4 · Residual Obligation Would vest in the Ombudsman on enactment — complaint OMB-260331-CSD014 currently active as pre-legislative equivalent.,FSD-Ontology-2026.md — Ombudsman,,
FSD,fsd:OnticCollapse,fsd-ontology.html,,"R6 · Ontic Collapse Established — CA function split across DETE (licensing), DFA (regime memberships), DoD (security assessment); no statutory coordination mechanism.",FSD-Ontology-2026.md — Ontic Collapse,,
FSD,fsd:Determination,index.html,,20 years without determination · Ireland · 2006–2026,FSD-Ontology-2026.md — Determination,,
FSD,fsd:Submission,index.html,,"Submissions received, retained, unacted upon.",FSD-Ontology-2026.md — Submission,,
FSD,fsd:Ombudsman,index.html,,High Court · CJEU · Ombudsman,FSD-Ontology-2026.md — Ombudsman,,
FSD,fsd:CompetentAuthority,index.html,,"Once a competent authority is formally seized of a matter, its discretion narrows to one: it may only decide .",FSD-Ontology-2026.md — Competent Authority,,
FSD,fsd:Determination,index.html,,"Every year without a determination is a year in breach — not of administrative preference, but of constitutional obligation.",FSD-Ontology-2026.md — Determination,,
FSD,fsd:CompetentAuthority,index.html,,The DFA is the designated competent authority under EU Regulation 2021/821.,FSD-Ontology-2026.md — Competent Authority,,
FSD,fsd:DesignedForgetting,index.html,,The record identifies two threshold events: the McEntee Foreclosure (February 2026) and Designed Forgetting (October 2025).,FSD-Ontology-2026.md — Designed Forgetting,,
FSD,fsd:NullificationLoop,index.html,,Synthesis · The nullification loop as an optimisation problem,FSD-Ontology-2026.md — Nullification Loop,,
FSD,fsd:Determination,index.html,,Transform a feedback cycle of silence into a forced move towards determination.,FSD-Ontology-2026.md — Determination,,
FSD,fsd:Ombudsman,index.html,,"It is a justiciable conflict of interest, now before the Ombudsman, PETI, and CJEU Registry.",FSD-Ontology-2026.md — Ombudsman,,
FSD,fsd:Ombudsman,index.html,,"The Tairiscint is the Meinhardt Initiative's master constitutional statement: a formal indictment of twenty years of unperformed statutory obligation, framed in legal register, addressed simultaneously to the Irish Ombudsman, the High Court, and the European institutions.",FSD-Ontology-2026.md — Ombudsman,,
FSD,fsd:NullificationLoop,index.html,,What follows is the charge architecture in summary form; the full document is held in the Drive and the Nullification Loops repository.,FSD-Ontology-2026.md — Nullification Loop,,
FSD,fsd:Determination,index.html,,No determination issued in twenty years.,FSD-Ontology-2026.md — Determination,,
FSD,fsd:Submission,index.html,,High-resolution submissions loop between offices; portfolio holders rotate; the record grows — but nothing converts information into agency.,FSD-Ontology-2026.md — Submission,,
FSD,fsd:Submission,index.html,,"Attach this bulletin to petitions, FOI requests, and committee submissions as a checklist for impasse.",FSD-Ontology-2026.md — Submission,,
FSD,fsd:Ombudsman,index.html,,#EuropeanOmbudsman,FSD-Ontology-2026.md — Ombudsman,,
FSD,fsd:Submission,knowledge-reserve-duty-to-determine.md,,# Document of Knowledge Reserve ## Qualifying Submissions (Duty to Determine) Bill 2026 · Meinhardt Initiative,FSD-Ontology-2026.md — Submission,,
FSD,fsd:Determination,knowledge-reserve-duty-to-determine.md,,"> *A person should be able to submit something of public value to the Irish State and receive an answer — a reasoned, written, reviewable determination.",FSD-Ontology-2026.md — Determination,,
FSD,fsd:Submission,knowledge-reserve-duty-to-determine.md,,"The Core Obligation (§3) Every public body that receives a **qualifying submission** must issue a **determination**: a written administrative act that either (a) accepts and initiates evaluation, (b) rejects with specific and attributable reasons capable of review, or (c) refers it to a named competent body with a stated legal basis.",FSD-Ontology-2026.md — Submission,,
FSD,fsd:PublicBody,knowledge-reserve-duty-to-determine.md,,"The Core Obligation (§3) Every public body that receives a **qualifying submission** must issue a **determination**: a written administrative act that either (a) accepts and initiates evaluation, (b) rejects with specific and attributable reasons capable of review, or (c) refers it to a named competent body with a stated legal basis.",FSD-Ontology-2026.md — Public Body,,
FSD,fsd:Determination,knowledge-reserve-duty-to-determine.md,,"The Core Obligation (§3) Every public body that receives a **qualifying submission** must issue a **determination**: a written administrative act that either (a) accepts and initiates evaluation, (b) rejects with specific and attributable reasons capable of review, or (c) refers it to a named competent body with a stated legal basis.",FSD-Ontology-2026.md — Determination,,
FSD,fsd:Submission,knowledge-reserve-duty-to-determine.md,,"The Definition (§2) A **qualifying submission** is a written communication that: - Identifies the submitter; - Identifies the specific EU instrument or domestic statute to which it is relevant; - Describes with particularity the technical corpus submitted; - Is of a kind such that no individual public body has sufficient incentive, in the ordinary course of its own functions, to undertake that evaluation without the duty imposed by this Act.",FSD-Ontology-2026.md — Submission,,
FSD,fsd:PublicBody,knowledge-reserve-duty-to-determine.md,,"The Definition (§2) A **qualifying submission** is a written communication that: - Identifies the submitter; - Identifies the specific EU instrument or domestic statute to which it is relevant; - Describes with particularity the technical corpus submitted; - Is of a kind such that no individual public body has sufficient incentive, in the ordinary course of its own functions, to undertake that evaluation without the duty imposed by this Act.",FSD-Ontology-2026.md — Public Body,,
FSD,fsd:Determination,knowledge-reserve-duty-to-determine.md,,"The Five Prohibited Evasions (§§3–7) | Substitution | Statutory Form | What It Is | |---|---|---| | **Silence** | §3(3)(a), §2A | No response within the statutory period does not constitute a determination.",FSD-Ontology-2026.md — Determination,,
FSD,fsd:Determination,knowledge-reserve-duty-to-determine.md,,"| | **Acknowledgement / Remit displacement** | §3(3)(b), §4 | A reference number or auto-reply does not constitute a determination.",FSD-Ontology-2026.md — Determination,,
FSD,fsd:RemitDisplacement,knowledge-reserve-duty-to-determine.md,,"| | **Acknowledgement / Remit displacement** | §3(3)(b), §4 | A reference number or auto-reply does not constitute a determination.",FSD-Ontology-2026.md — Remit Displacement,,
FSD,fsd:Determination,knowledge-reserve-duty-to-determine.md,,"| | **Sufficiency assertion** | §3(3)(c), §5 | Claiming general familiarity with the subject domain, or that equivalent methods exist, does not constitute a determination.",FSD-Ontology-2026.md — Determination,,
FSD,fsd:SufficiencyAssertion,knowledge-reserve-duty-to-determine.md,,"| | **Sufficiency assertion** | §3(3)(c), §5 | Claiming general familiarity with the subject domain, or that equivalent methods exist, does not constitute a determination.",FSD-Ontology-2026.md — Sufficiency Assertion,,
FSD,fsd:AdministrativeAmnesia,knowledge-reserve-duty-to-determine.md,,"| | **Administrative amnesia** | §6 | Treating accumulated prior engagement as a ""first encounter"" is prohibited.",FSD-Ontology-2026.md — Administrative Amnesia,,
FSD,fsd:DesignedForgetting,knowledge-reserve-duty-to-determine.md,,"| | **Designed forgetting / Record deletion** | §7 | Deleting, destroying, or rendering inaccessible formally lodged correspondence is prohibited.",FSD-Ontology-2026.md — Designed Forgetting,,
FSD,fsd:Ombudsman,knowledge-reserve-duty-to-determine.md,,Any such act constitutes reviewable maladministration under the Ombudsman Act 1980.,FSD-Ontology-2026.md — Ombudsman,,
FSD,fsd:Submission,knowledge-reserve-duty-to-determine.md,,"The Two Named Pathologies (§2A) | Pathology | Definition | Proof Condition | |---|---|---| | **Silence veto** | The exercise of a power to determine the effective outcome of a submission through procedural silence, such that no reviewable act issues and no remedy attaches.",FSD-Ontology-2026.md — Submission,,
FSD,fsd:SilenceVeto,knowledge-reserve-duty-to-determine.md,,"The Two Named Pathologies (§2A) | Pathology | Definition | Proof Condition | |---|---|---| | **Silence veto** | The exercise of a power to determine the effective outcome of a submission through procedural silence, such that no reviewable act issues and no remedy attaches.",FSD-Ontology-2026.md — Silence Veto,,
FSD,fsd:Determination,knowledge-reserve-duty-to-determine.md,,"Where the practical effect is no reviewable determination, the condition is met regardless of the form of conduct.",FSD-Ontology-2026.md — Determination,,
FSD,fsd:StructuralDisplacement,knowledge-reserve-duty-to-determine.md,,"| | **Structural displacement** | The distribution of a statutory obligation across bodies in a configuration where no single body holds the full obligation required to discharge it, and no mechanism requires them to act in coordination.",FSD-Ontology-2026.md — Structural Displacement,,
FSD,fsd:Submission,knowledge-reserve-duty-to-determine.md,,"Testable Submissions & Independent Technical Audit (§§5A–5C) Where a qualifying submission includes an operational, executable, or empirically testable component, and the submitter has offered the means of testing, the body may not retreat to a sufficiency assertion without first arranging a reasonable opportunity to observe what was submitted.",FSD-Ontology-2026.md — Submission,,
FSD,fsd:TestableSubmission,knowledge-reserve-duty-to-determine.md,,"Testable Submissions & Independent Technical Audit (§§5A–5C) Where a qualifying submission includes an operational, executable, or empirically testable component, and the submitter has offered the means of testing, the body may not retreat to a sufficiency assertion without first arranging a reasonable opportunity to observe what was submitted.",FSD-Ontology-2026.md — Testable Submission,,
FSD,fsd:SufficiencyAssertion,knowledge-reserve-duty-to-determine.md,,"Testable Submissions & Independent Technical Audit (§§5A–5C) Where a qualifying submission includes an operational, executable, or empirically testable component, and the submitter has offered the means of testing, the body may not retreat to a sufficiency assertion without first arranging a reasonable opportunity to observe what was submitted.",FSD-Ontology-2026.md — Sufficiency Assertion,,
FSD,fsd:TechnicalAudit,knowledge-reserve-duty-to-determine.md,,"Testable Submissions & Independent Technical Audit (§§5A–5C) Where a qualifying submission includes an operational, executable, or empirically testable component, and the submitter has offered the means of testing, the body may not retreat to a sufficiency assertion without first arranging a reasonable opportunity to observe what was submitted.",FSD-Ontology-2026.md — Independent Technical Audit,,
FSD,fsd:Ombudsman,knowledge-reserve-duty-to-determine.md,,- An independent technical audit panel is maintained by the Ombudsman.,FSD-Ontology-2026.md — Ombudsman,,
FSD,fsd:TechnicalAudit,knowledge-reserve-duty-to-determine.md,,- An independent technical audit panel is maintained by the Ombudsman.,FSD-Ontology-2026.md — Independent Technical Audit,,
FSD,fsd:Submission,knowledge-reserve-duty-to-determine.md,,- **The auditor does not express a view on whether the body should adopt the submission.** That question remains entirely within the body's discretion.,FSD-Ontology-2026.md — Submission,,
FSD,fsd:Submission,knowledge-reserve-duty-to-determine.md,,Retrospective Application & Chain-of-Duty (§§8–8F) - **Transitional duty:** Submissions lodged before commencement must be determined within six months of commencement.,FSD-Ontology-2026.md — Submission,,
FSD,fsd:Determination,knowledge-reserve-duty-to-determine.md,,- **Chain-of-duty (§8C):** The period for determination runs from the date of **first lodgement** with any body in the chain.,FSD-Ontology-2026.md — Determination,,
FSD,fsd:Submission,knowledge-reserve-duty-to-determine.md,,"- **Written commitments (§8(7)):** Where a written commitment to evaluate, report on, or determine a qualifying submission was made by an officer in their official capacity before commencement, a procedural legitimate expectation arises that the process so committed to will occur.",FSD-Ontology-2026.md — Submission,,
FSD,fsd:Determination,knowledge-reserve-duty-to-determine.md,,- **Foreclosure-by-Proxy (§8A):** A determination made by reliance on conclusions that were formally contested and never defended does not constitute a determination under this Act.,FSD-Ontology-2026.md — Determination,,
FSD,fsd:LoopClosure,knowledge-reserve-duty-to-determine.md,,The Loop Closure Mechanism (§§10A–10E) This is the Bill's most structurally significant provision.,FSD-Ontology-2026.md — Loop Closure,,
FSD,fsd:Submission,knowledge-reserve-duty-to-determine.md,,"**The loop condition (§10B):** Satisfied where **three or more public bodies** have each declined to examine a qualifying submission on its merits without issuing a determination, and no body has accepted carriage of the determination obligation, over a period of five years.",FSD-Ontology-2026.md — Submission,,
FSD,fsd:Determination,knowledge-reserve-duty-to-determine.md,,"**The loop condition (§10B):** Satisfied where **three or more public bodies** have each declined to examine a qualifying submission on its merits without issuing a determination, and no body has accepted carriage of the determination obligation, over a period of five years.",FSD-Ontology-2026.md — Determination,,
FSD,fsd:LoopCondition,knowledge-reserve-duty-to-determine.md,,"**The loop condition (§10B):** Satisfied where **three or more public bodies** have each declined to examine a qualifying submission on its merits without issuing a determination, and no body has accepted carriage of the determination obligation, over a period of five years.",FSD-Ontology-2026.md — Loop Condition,,
FSD,fsd:Ombudsman,knowledge-reserve-duty-to-determine.md,,"**The residual obligation (§10C):** Where the loop condition is satisfied, the **Ombudsman** bears a residual determination obligation.",FSD-Ontology-2026.md — Ombudsman,,
FSD,fsd:Determination,knowledge-reserve-duty-to-determine.md,,"**The residual obligation (§10C):** Where the loop condition is satisfied, the **Ombudsman** bears a residual determination obligation.",FSD-Ontology-2026.md — Determination,,
FSD,fsd:LoopCondition,knowledge-reserve-duty-to-determine.md,,"**The residual obligation (§10C):** Where the loop condition is satisfied, the **Ombudsman** bears a residual determination obligation.",FSD-Ontology-2026.md — Loop Condition,,
FSD,fsd:ResidualObligation,knowledge-reserve-duty-to-determine.md,,"**The residual obligation (§10C):** Where the loop condition is satisfied, the **Ombudsman** bears a residual determination obligation.",FSD-Ontology-2026.md — Residual Determination Obligation,,
FSD,fsd:Ombudsman,knowledge-reserve-duty-to-determine.md,,"The Ombudsman investigates, produces a report, and — where no combination of existing bodies acting within their current statutory powers is capable of producing a determination — identifies the legislative or executive intervention required and transmits that finding to the Minister and to the relevant Oireachtas committee.",FSD-Ontology-2026.md — Ombudsman,,
FSD,fsd:Determination,knowledge-reserve-duty-to-determine.md,,"The Ombudsman investigates, produces a report, and — where no combination of existing bodies acting within their current statutory powers is capable of producing a determination — identifies the legislative or executive intervention required and transmits that finding to the Minister and to the relevant Oireachtas committee.",FSD-Ontology-2026.md — Determination,,
FSD,fsd:Ombudsman,knowledge-reserve-duty-to-determine.md,,"**Mandatory High Court application:** The Ombudsman's obligation to apply to the High Court is **not displaced** by the pendency of any other proceeding, any institutional reorganisation, or any subsequent engagement that does not constitute a determination.",FSD-Ontology-2026.md — Ombudsman,,
FSD,fsd:Determination,knowledge-reserve-duty-to-determine.md,,"**Mandatory High Court application:** The Ombudsman's obligation to apply to the High Court is **not displaced** by the pendency of any other proceeding, any institutional reorganisation, or any subsequent engagement that does not constitute a determination.",FSD-Ontology-2026.md — Determination,,
FSD,fsd:Ombudsman,knowledge-reserve-duty-to-determine.md,,"**Public register (§10E):** The Ombudsman must maintain a public register of every loop condition satisfied, updated within 30 days of any material change.",FSD-Ontology-2026.md — Ombudsman,,
FSD,fsd:LoopCondition,knowledge-reserve-duty-to-determine.md,,"**Public register (§10E):** The Ombudsman must maintain a public register of every loop condition satisfied, updated within 30 days of any material change.",FSD-Ontology-2026.md — Loop Condition,,
FSD,fsd:Determination,knowledge-reserve-duty-to-determine.md,,A determination issued under this Act is **not** a discharge of the civil wrong.,FSD-Ontology-2026.md — Determination,,
FSD,fsd:Determination,knowledge-reserve-duty-to-determine.md,,"Petitions & Proxy Exits (§13) Transmission to a public petitions committee does **not** satisfy the duty of determination, and does **not** count as a declination for loop-closure purposes unless that committee has declined on the merits in compliance with §10.",FSD-Ontology-2026.md — Determination,,
FSD,fsd:Determination,knowledge-reserve-duty-to-determine.md,,The AI Act Bridge (§11A) Creates a reporting obligation connecting the Bill's determination mechanism to high-risk AI conformity assessments under Regulation (EU) 2024/1689.,FSD-Ontology-2026.md — Determination,,
FSD,fsd:StructuralCondition,knowledge-reserve-duty-to-determine.md,,They are the evidentiary record of the structural condition the Bill addresses.,FSD-Ontology-2026.md — Structural Condition,,
FSD,fsd:SilenceVeto,knowledge-reserve-duty-to-determine.md,,"### Key Concepts from the Memoranda | Memorandum Concept | Bill Translation | Diagnostic Function | |---|---|---| | **Silence Veto** (Memo E) | §2A | The procedural condition where administrative silence operates as an effective veto on civic signal, without requiring proof of bad faith.",FSD-Ontology-2026.md — Silence Veto,,
FSD,fsd:AdministrativeAmnesia,knowledge-reserve-duty-to-determine.md,,| | **Administrative Amnesia / Designed Forgetting** | §6 & §7 | The Loop's production of institutional forgetfulness; each new officer encounters the record as if for the first time.,FSD-Ontology-2026.md — Administrative Amnesia,,
FSD,fsd:DesignedForgetting,knowledge-reserve-duty-to-determine.md,,| | **Administrative Amnesia / Designed Forgetting** | §6 & §7 | The Loop's production of institutional forgetfulness; each new officer encounters the record as if for the first time.,FSD-Ontology-2026.md — Designed Forgetting,,
FSD,fsd:SufficiencyAssertion,knowledge-reserve-duty-to-determine.md,,| | **Sufficiency Assertion** | §3(3) & §5 | The substitution of generic disciplinary familiarity for actual corpus engagement.,FSD-Ontology-2026.md — Sufficiency Assertion,,
FSD,fsd:CompetentAuthority,knowledge-reserve-duty-to-determine.md,,| | **Chain-of-Duty / Clock Reset** | §8C | The transfer of a competent authority designation without audit of the accumulated obligation does not restart the compliance clock.,FSD-Ontology-2026.md — Competent Authority,,
FSD,fsd:NullificationLoop,knowledge-reserve-duty-to-determine.md,,The Nullification Loop — Structural Analysis,FSD-Ontology-2026.md — Nullification Loop,,
FSD,fsd:RemitDisplacement,knowledge-reserve-duty-to-determine.md,,**Remit displacement substitutes for jurisdiction.** 4.,FSD-Ontology-2026.md — Remit Displacement,,
FSD,fsd:SufficiencyAssertion,knowledge-reserve-duty-to-determine.md,,**Sufficiency assertion substitutes for corpus engagement.** 5.,FSD-Ontology-2026.md — Sufficiency Assertion,,
FSD,fsd:DesignedForgetting,knowledge-reserve-duty-to-determine.md,,**Designed forgetting substitutes for record.**,FSD-Ontology-2026.md — Designed Forgetting,,
FSD,fsd:Determination,knowledge-reserve-duty-to-determine.md,,Nineteen years of procedurally valid non-determination produces the same constitutional result as a single unlawful refusal — and no existing instrument reaches the pattern rather than the act.,FSD-Ontology-2026.md — Determination,,
FSD,fsd:NonDetermination,knowledge-reserve-duty-to-determine.md,,Nineteen years of procedurally valid non-determination produces the same constitutional result as a single unlawful refusal — and no existing instrument reaches the pattern rather than the act.,FSD-Ontology-2026.md — Non-Determination,,
FSD,fsd:Ombudsman,knowledge-reserve-duty-to-determine.md,,"Imposing a cost on non-determination (Ombudsman process, High Court costs discretion, public register); 2.",FSD-Ontology-2026.md — Ombudsman,,
FSD,fsd:Determination,knowledge-reserve-duty-to-determine.md,,"Imposing a cost on non-determination (Ombudsman process, High Court costs discretion, public register); 2.",FSD-Ontology-2026.md — Determination,,
FSD,fsd:NonDetermination,knowledge-reserve-duty-to-determine.md,,"Imposing a cost on non-determination (Ombudsman process, High Court costs discretion, public register); 2.",FSD-Ontology-2026.md — Non-Determination,,
FSD,fsd:Ombudsman,knowledge-reserve-duty-to-determine.md,,Creating a residual supply mechanism (Ombudsman's mandatory High Court application) that produces the public good even when no individual body would supply it voluntarily.,FSD-Ontology-2026.md — Ombudsman,,
FSD,fsd:Submission,knowledge-reserve-duty-to-determine.md,,The nullification loop is a Kojèvian dyad: - The State receives the submission but does not engage with it as knowledge — it processes it as correspondence.,FSD-Ontology-2026.md — Submission,,
FSD,fsd:NullificationLoop,knowledge-reserve-duty-to-determine.md,,The nullification loop is a Kojèvian dyad: - The State receives the submission but does not engage with it as knowledge — it processes it as correspondence.,FSD-Ontology-2026.md — Nullification Loop,,
FSD,fsd:Ombudsman,knowledge-reserve-duty-to-determine.md,,"The Bill's loop closure mechanism breaks the dyad by introducing a third party — the Ombudsman, and behind it the High Court — that is not party to the original refusal of recognition.",FSD-Ontology-2026.md — Ombudsman,,
FSD,fsd:LoopClosure,knowledge-reserve-duty-to-determine.md,,"The Bill's loop closure mechanism breaks the dyad by introducing a third party — the Ombudsman, and behind it the High Court — that is not party to the original refusal of recognition.",FSD-Ontology-2026.md — Loop Closure,,
FSD,fsd:LoopCondition,knowledge-reserve-duty-to-determine.md,,**La condition de boucle (loop condition)** — Aucun droit français ne nomme le phénomène où trois administrations se renvoient mutuellement la balle sans statuer.,FSD-Ontology-2026.md — Loop Condition,,
FSD,fsd:Ombudsman,knowledge-reserve-duty-to-determine.md,,**L'Ombudsman *obligé* de saisir la Haute Cour** — Le Défenseur des droits ne peut pas contraindre l'administration par voie juridictionnelle.,FSD-Ontology-2026.md — Ombudsman,,
FSD,fsd:LoopCondition,knowledge-reserve-duty-to-determine.md,,"Aucun État membre ne les a transposées intégralement, et elles ne prévoient pas la *loop condition* ni l'audit technique indépendant.",FSD-Ontology-2026.md — Loop Condition,,
FSD,fsd:Ombudsman,knowledge-reserve-duty-to-determine.md,,| | **L'Ombudsman *obligé* de saisir la Haute Cour** | **Non** | Les médiateurs nationaux émettent des recommandations ou des rapports spéciaux.,FSD-Ontology-2026.md — Ombudsman,,
FSD,fsd:Determination,knowledge-reserve-duty-to-determine.md,,| | **Determination** | *Décision* or *décision motivée* | Systematic use of *détermination* would constitute an unnatural anglicism in a francophone legislative text.,FSD-Ontology-2026.md — Determination,,
FSD,fsd:LoopCondition,knowledge-reserve-duty-to-determine.md,,| | **Loop condition** | *Condition de boucle* (with English gloss on first occurrence) | A technical concept proper to the Bill.,FSD-Ontology-2026.md — Loop Condition,,
FSD,fsd:Submission,knowledge-reserve-duty-to-determine.md,,The Bill doesn't force anyone to agree with the submission.,FSD-Ontology-2026.md — Submission,,
FSD,fsd:Determination,knowledge-reserve-duty-to-determine.md,,"It simply removes the option of producing no determination at all.""*",FSD-Ontology-2026.md — Determination,,
FSD,fsd:NullificationLoop,knowledge-reserve-duty-to-determine.md,,"**On the structural nature of the problem:** > *""The Nullification Loop is not a conspiracy.",FSD-Ontology-2026.md — Nullification Loop,,
FSD,fsd:Ombudsman,knowledge-reserve-duty-to-determine.md,,"**On the Ombudsman backstop:** > *""The Ombudsman's mandatory High Court application in §10C is the backstop.",FSD-Ontology-2026.md — Ombudsman,,
FSD,fsd:CompetentAuthority,knowledge-reserve-duty-to-determine.md,,"Ireland's competent authority record — zero determinations across four transposition cycles — is an environmental fact that no Presidency chair can filter.""*",FSD-Ontology-2026.md — Competent Authority,,
FSD,fsd:Determination,knowledge-reserve-duty-to-determine.md,,"Ireland's competent authority record — zero determinations across four transposition cycles — is an environmental fact that no Presidency chair can filter.""*",FSD-Ontology-2026.md — Determination,,
FSD,fsd:Submission,knowledge-reserve-duty-to-determine.md,,"**On the ""Qualifying Submission"" framing:** > *""The 'Qualifying Submission' framing is deliberate.",FSD-Ontology-2026.md — Submission,,
FSD,fsd:Submission,knowledge-reserve-duty-to-determine.md,,"**On what the Bill does not do:** > *""Nothing in this Bill requires a public body to accept, implement, fund, or adopt a submission.",FSD-Ontology-2026.md — Submission,,
FSD,fsd:PublicBody,knowledge-reserve-duty-to-determine.md,,"**On what the Bill does not do:** > *""Nothing in this Bill requires a public body to accept, implement, fund, or adopt a submission.",FSD-Ontology-2026.md — Public Body,,
FSD,fsd:PublicBody,knowledge-reserve-duty-to-determine.md,,"What a public body loses, under this Bill, is the option of producing no determination at all.",FSD-Ontology-2026.md — Public Body,,
FSD,fsd:Determination,knowledge-reserve-duty-to-determine.md,,"What a public body loses, under this Bill, is the option of producing no determination at all.",FSD-Ontology-2026.md — Determination,,
FSD,fsd:Determination,knowledge-reserve-duty-to-determine.md,,The only argument against it is that the State should retain the right to produce no determination at all.,FSD-Ontology-2026.md — Determination,,
FSD,fsd:Submission,knowledge-reserve-duty-to-determine.md,,"| Objection | Your Response | |---|---| | *""This will flood departments with vexatious correspondence.""* | The definition of ""qualifying submission"" is tightly drawn.",FSD-Ontology-2026.md — Submission,,
FSD,fsd:Determination,knowledge-reserve-duty-to-determine.md,,"| | *""This interferes with departmental autonomy.""* | The Bill preserves full discretion over the *substance* of every determination.",FSD-Ontology-2026.md — Determination,,
FSD,fsd:Submission,knowledge-reserve-duty-to-determine.md,,A body can still reject a submission.,FSD-Ontology-2026.md — Submission,,
FSD,fsd:Determination,knowledge-reserve-duty-to-determine.md,,What it cannot do is produce no determination at all.,FSD-Ontology-2026.md — Determination,,
FSD,fsd:Ombudsman,knowledge-reserve-duty-to-determine.md,,"| | *""The Ombudsman shouldn't be dragged into court applications.""* | The new function is conferred by statute under Article 15.2.1° — squarely within the Oireachtas's competence.",FSD-Ontology-2026.md — Ombudsman,,
FSD,fsd:Ombudsman,knowledge-reserve-duty-to-determine.md,,The Ombudsman's constitutional independence is not compromised; the function is ancillary to its existing investigative role.,FSD-Ontology-2026.md — Ombudsman,,
FSD,fsd:StructuralCondition,knowledge-reserve-duty-to-determine.md,,"| | *""Isn't this just about one person's grievance?""* | The memoranda illustrate a general structural condition using a specific record.",FSD-Ontology-2026.md — Structural Condition,,
FSD,fsd:Submission,knowledge-reserve-duty-to-determine.md,,Any citizen with a qualifying submission would benefit.,FSD-Ontology-2026.md — Submission,,
FSD,fsd:Ombudsman,knowledge-reserve-duty-to-determine.md,,"**If speaking to an Opposition or Independent Senator/TD:** > *""Will you support the Bill on Second Stage, and if it reaches committee, will you seek amendments only to strengthen — not dilute — the five prohibited evasions and the Ombudsman's mandatory loop-closure function?""*",FSD-Ontology-2026.md — Ombudsman,,
FSD,fsd:CompetentAuthority,knowledge-reserve-duty-to-determine.md,,"**If speaking to any member of the Oireachtas Joint Committee on EU Affairs or the PAC:** > *""Will you request a briefing from the current competent authority (DETE) on the status of Article 9(2) assessment obligations accumulated before the August 2024 transfer, and on whether the Bill's §8C chain-of-duty provision would clarify the State's EU law compliance position ahead of the September 2026 Commission evaluation?""*",FSD-Ontology-2026.md — Competent Authority,,
FSD,fsd:NormativeCollapse,knowledge-reserve-duty-to-determine.md,,| Term | Definition | |---|---| | **Normative collapse** | The condition in which a system produces procedurally valid outputs while failing to discharge the substantive obligation those outputs purport to represent.,FSD-Ontology-2026.md — Normative Collapse,,
FSD,fsd:OnticCollapse,knowledge-reserve-duty-to-determine.md,,| | **Ontic collapse** | The condition in which the institutional subject capable of performing a required act no longer exists within the statutory architecture.,FSD-Ontology-2026.md — Ontic Collapse,,
FSD,fsd:OnticCollapse,knowledge-reserve-duty-to-determine.md,,The closest legal analogue is the situation addressed by *Re Anisminic* [1969]: an authority that acts in excess of its jurisdiction produces a nullity — but ontic collapse is the prior condition in which no authority with jurisdiction exists at all.,FSD-Ontology-2026.md — Ontic Collapse,,
FSD,fsd:NullificationLoop,knowledge-reserve-duty-to-determine.md,,"| | **Nullification loop** | The recursive pattern in which each body declines on grounds that the matter belongs elsewhere, while every other body has already declined, so that the obligation circulates without ever being held.",FSD-Ontology-2026.md — Nullification Loop,,
FSD,fsd:Submission,knowledge-reserve-duty-to-determine.md,,| | **Designed forgetting** | The deletion or suppression of formally lodged correspondence not for legitimate records management purposes but in order to extinguish the administrative record of a submission that has not been determined.,FSD-Ontology-2026.md — Submission,,
FSD,fsd:DesignedForgetting,knowledge-reserve-duty-to-determine.md,,| | **Designed forgetting** | The deletion or suppression of formally lodged correspondence not for legitimate records management purposes but in order to extinguish the administrative record of a submission that has not been determined.,FSD-Ontology-2026.md — Designed Forgetting,,
FSD,fsd:NullificationLoop,knowledge-reserve-duty-to-determine.md,,| | **Deferral machine** | A description of the nullification loop as a functional mechanism rather than a sequence of individual decisions.,FSD-Ontology-2026.md — Nullification Loop,,
FSD,fsd:Determination,knowledge-reserve-duty-to-determine.md,,The loop produces non-determination as its stable output by distributing the cost of non-determination across enough nodes that no single node bears sufficient cost to make determination individually rational.,FSD-Ontology-2026.md — Determination,,
FSD,fsd:NonDetermination,knowledge-reserve-duty-to-determine.md,,The loop produces non-determination as its stable output by distributing the cost of non-determination across enough nodes that no single node bears sufficient cost to make determination individually rational.,FSD-Ontology-2026.md — Non-Determination,,
FSD,fsd:Submission,knowledge-reserve-duty-to-determine.md,,"| | **Silence veto** | The exercise of a power to determine the effective outcome of a submission through procedural silence: no reviewable act issues, and so no remedy attaches.",FSD-Ontology-2026.md — Submission,,
FSD,fsd:SilenceVeto,knowledge-reserve-duty-to-determine.md,,"| | **Silence veto** | The exercise of a power to determine the effective outcome of a submission through procedural silence: no reviewable act issues, and so no remedy attaches.",FSD-Ontology-2026.md — Silence Veto,,
FSD,fsd:StructuralDisplacement,knowledge-reserve-duty-to-determine.md,,| | **Structural displacement** | The distribution of a statutory obligation across bodies in a configuration where no single body holds the full obligation required to discharge it.,FSD-Ontology-2026.md — Structural Displacement,,
FSD,fsd:SufficiencyAssertion,knowledge-reserve-duty-to-determine.md,,"| | **Sufficiency assertion** | The claim that the general discipline is known, that equivalent technologies exist, or that the body has general familiarity with the subject domain — substituted for actual engagement with the specific submitted corpus.",FSD-Ontology-2026.md — Sufficiency Assertion,,
FSD,fsd:AdministrativeAmnesia,knowledge-reserve-duty-to-determine.md,,| | **Administrative amnesia** | The production of institutional forgetfulness whereby each new officer encounters the record as if for the first time.,FSD-Ontology-2026.md — Administrative Amnesia,,
FSD,fsd:Determination,knowledge-reserve-duty-to-determine.md,,"| | **Foreclosure-by-Proxy** | A determination that cites conclusions formally rebutted and never defended, treating contested, unanswered assertions as settled authority.",FSD-Ontology-2026.md — Determination,,
FSD,fsd:Determination,knowledge-reserve-duty-to-determine.md,,"| | **Pigouvian correction** | A statutory instrument that internalises an externality (the cost of non-determination, previously borne by the submitter and the public) into the decision-making calculus of the bodies that produce it.",FSD-Ontology-2026.md — Determination,,
FSD,fsd:NonDetermination,knowledge-reserve-duty-to-determine.md,,"| | **Pigouvian correction** | A statutory instrument that internalises an externality (the cost of non-determination, previously borne by the submitter and the public) into the decision-making calculus of the bodies that produce it.",FSD-Ontology-2026.md — Non-Determination,,
FSD,fsd:Submission,knowledge-reserve-duty-to-determine.md,,"| | **Condition de boucle / Loop condition** | The statutory name for the structural pattern where three or more public bodies have each declined to examine a qualifying submission on its merits without issuing a determination, and no body has accepted carriage of the obligation.",FSD-Ontology-2026.md — Submission,,
FSD,fsd:Determination,knowledge-reserve-duty-to-determine.md,,"| | **Condition de boucle / Loop condition** | The statutory name for the structural pattern where three or more public bodies have each declined to examine a qualifying submission on its merits without issuing a determination, and no body has accepted carriage of the obligation.",FSD-Ontology-2026.md — Determination,,
FSD,fsd:LoopCondition,knowledge-reserve-duty-to-determine.md,,"| | **Condition de boucle / Loop condition** | The statutory name for the structural pattern where three or more public bodies have each declined to examine a qualifying submission on its merits without issuing a determination, and no body has accepted carriage of the obligation.",FSD-Ontology-2026.md — Loop Condition,,
FSD,fsd:Determination,knowledge-reserve-duty-to-determine.md,,"| | **Chain-of-duty** | The principle that the determination obligation persists through transfers of designation, ministerial reorganisation, or referral, with the clock running from first lodgement.",FSD-Ontology-2026.md — Determination,,
FSD,fsd:CompetentAuthority,knowledge-reserve-duty-to-determine.md,,| Track | Reference | Status | |---|---|---| | **Seanad Bill** | SSCEUST-I-2026-074 | Introduced 22 July 2026 | | **Ombudsman Complaint** | OMB-260331-CSD014 | Active; primary respondent: Department of Foreign Affairs (former competent authority under EU Reg.,FSD-Ontology-2026.md — Competent Authority,,
FSD,fsd:Ombudsman,knowledge-reserve-duty-to-determine.md,,| Track | Reference | Status | |---|---|---| | **Seanad Bill** | SSCEUST-I-2026-074 | Introduced 22 July 2026 | | **Ombudsman Complaint** | OMB-260331-CSD014 | Active; primary respondent: Department of Foreign Affairs (former competent authority under EU Reg.,FSD-Ontology-2026.md — Ombudsman,,
FSD,fsd:PublicBody,knowledge-reserve-duty-to-determine.md,,"> **What the Bill adds, that nothing else currently provides, is the word *cannot*.** > > A public body currently *can* produce no determination.",FSD-Ontology-2026.md — Public Body,,
FSD,fsd:Determination,knowledge-reserve-duty-to-determine.md,,"> **What the Bill adds, that nothing else currently provides, is the word *cannot*.** > > A public body currently *can* produce no determination.",FSD-Ontology-2026.md — Determination,,
